INFO:     Started server process [35868]
INFO:     Waiting for application startup.
INFO:     Application startup complete.
INFO:     Uvicorn running on http://0.0.0.0:8000 (Press CTRL+C to quit)
[2026-05-01 03:56:14] INFO: Fetched (200) <GET https://wuzzuf.net/search/jobs/?q=backend+developer&start=0> (referer: https://www.google.com/search?q=wuzzuf)
[2026-05-01 03:56:16] INFO: Fetched (200) <GET https://wuzzuf.net/jobs/p/ibel1dnzzd0x-backend-developer-net-modern-backend-mashura-consultants-cairo-egypt> (referer: https://www.google.com/search?q=wuzzuf)
[2026-05-01 03:56:16] INFO: Fetched (200) <GET https://wuzzuf.net/jobs/p/lcgezgj2c58g-backend-developer-darkmon-ltd-cairo-egypt> (referer: https://www.google.com/search?q=wuzzuf)
[2026-05-01 03:56:16] INFO: Fetched (200) <GET https://wuzzuf.net/jobs/p/f0vpethre2gk-junior-net-developer-backendintegration-giza-egypt> (referer: https://www.google.com/search?q=wuzzuf)
[2026-05-01 03:56:17] INFO: Fetched (200) <GET https://wuzzuf.net/jobs/p/7azvejktmfk8-mid-level-django-backend-developer-software-house-solution-cairo-egypt> (referer: https://www.google.com/search?q=wuzzuf)
[2026-05-01 03:56:17] INFO: Fetched (200) <GET https://wuzzuf.net/jobs/p/fsmj9wn13svm-backend-developer-chicago-united-states> (referer: https://www.google.com/search?q=wuzzuf)
[2026-05-01 03:56:17] INFO: Fetched (200) <GET https://wuzzuf.net/jobs/p/ttycahncwcow-backend-developer-charisma-design-cairo-egypt> (referer: https://www.google.com/search?q=wuzzuf)
[2026-05-01 03:56:20] INFO: Fetched (302) <GET https://wuzzuf.net/saudi/jobs/p/commrc4uthhw-mid-senior-net-backend-developer-bedbank-sa-riyadh-saudi-arabia> (referer: https://www.google.com/search?q=wuzzuf)
[2026-05-01 03:56:20] INFO: Fetched (200) <GET https://wuzzuf.net/ar/saudi/jobs/p/commrc4uthhw-mid-senior-net-backend-developer-bedbank-sa-riyadh-saudi-arabia> (referer: https://www.google.com/search?q=wuzzuf)
[2026-05-01 03:56:21] INFO: Fetched (200) <GET https://wuzzuf.net/jobs/p/gsoalsfptcfl-senior-full-stack-engineer-backend-frontend-devops-cloud-infrastructure-munich-germany> (referer: https://www.google.com/search?q=wuzzuf)
[2026-05-01 03:56:21] INFO: Fetched (302) <GET https://wuzzuf.net/saudi/jobs/p/isljoic7ew42-senior-net-backend-developer-bedbank-sa-riyadh-saudi-arabia> (referer: https://www.google.com/search?q=wuzzuf)
[2026-05-01 03:56:21] INFO: Fetched (200) <GET https://wuzzuf.net/ar/saudi/jobs/p/isljoic7ew42-senior-net-backend-developer-bedbank-sa-riyadh-saudi-arabia> (referer: https://www.google.com/search?q=wuzzuf)
[2026-05-01 03:56:22] INFO: Fetched (200) <GET https://wuzzuf.net/jobs/p/tpkjbnpw5usf-backend-net-team-lead-ossouss-global-commerce-cairo-egypt> (referer: https://www.google.com/search?q=wuzzuf)
[2026-05-01 03:56:23] INFO: Fetched (200) <GET https://wuzzuf.net/jobs/p/zkodibtif1qt-back-end-developer-barq-giza-egypt> (referer: https://www.google.com/search?q=wuzzuf)
[2026-05-01 03:56:23] INFO: Fetched (200) <GET https://wuzzuf.net/jobs/p/jin1cxxgwepy-middle-golang-developer-vertex-technologies-cairo-egypt> (referer: https://www.google.com/search?q=wuzzuf)
[2026-05-01 03:56:24] INFO: Fetched (302) <GET https://wuzzuf.net/saudi/jobs/p/ticivhpdgbvo-senior-liferay-developer-working-in-ksa-aliaict-riyadh-saudi-arabia> (referer: https://www.google.com/search?q=wuzzuf)
[2026-05-01 03:56:24] INFO: Fetched (200) <GET https://wuzzuf.net/ar/saudi/jobs/p/ticivhpdgbvo-senior-liferay-developer-working-in-ksa-aliaict-riyadh-saudi-arabia> (referer: https://www.google.com/search?q=wuzzuf)
[2026-05-01 03:56:24] INFO: Fetched (200) <GET https://wuzzuf.net/jobs/p/kleyuwp6r2vg-senior-backend-nodejs-developer-cairo-egypt> (referer: https://www.google.com/search?q=wuzzuf)
[2026-05-01 03:56:25] INFO: Fetched (200) <GET https://wuzzuf.net/jobs/p/n0ylmn8cx0qb-full-stack-developer-imbox-cairo-egypt> (referer: https://www.google.com/search?q=wuzzuf)
[2026-05-01 03:56:28] INFO: Fetched (200) <GET https://wuzzuf.net/search/jobs/?q=backend+developer&start=1> (referer: https://www.google.com/search?q=wuzzuf)
[2026-05-01 03:56:30] INFO: Fetched (200) <GET https://wuzzuf.net/jobs/p/zew68gvdutbh-senior-lamp-php-full-stack-developer-prismatecs-cairo-egypt> (referer: https://www.google.com/search?q=wuzzuf)
[2026-05-01 03:56:30] INFO: Fetched (200) <GET https://wuzzuf.net/jobs/p/jp8wnhm2hlti-backend-developer-outsource-efada-technology-cairo-egypt> (referer: https://www.google.com/search?q=wuzzuf)
[2026-05-01 03:56:30] INFO: Fetched (200) <GET https://wuzzuf.net/jobs/p/vmfci98le4ug-junior-lamp-php-full-stack-developer-prismatecs-cairo-egypt> (referer: https://www.google.com/search?q=wuzzuf)
[2026-05-01 03:56:31] INFO: Fetched (200) <GET https://wuzzuf.net/jobs/p/mvamwad2xwsq-program-developer-callcentro-cairo-egypt> (referer: https://www.google.com/search?q=wuzzuf)
[2026-05-01 03:56:31] INFO: Fetched (200) <GET https://wuzzuf.net/jobs/p/qeah5rd9ljro-senior-android-developer-expert-apps-cairo-egypt> (referer: https://www.google.com/search?q=wuzzuf)
[2026-05-01 03:56:32] INFO: Fetched (200) <GET https://wuzzuf.net/jobs/p/plbeqxhi6mcl-laravel-developer-nugget-tours-cairo-egypt> (referer: https://www.google.com/search?q=wuzzuf)
[2026-05-01 03:56:33] INFO: Fetched (200) <GET https://wuzzuf.net/jobs/p/blne8rf8kvkp-tech-lead-principal-engineer-fullstack-ai-systems-makkook-ai-cairo-egypt> (referer: https://www.google.com/search?q=wuzzuf)
[2026-05-01 03:56:33] INFO: Fetched (200) <GET https://wuzzuf.net/jobs/p/zmbmsicp61r1-full-stack-developer-efada-technology-cairo-egypt> (referer: https://www.google.com/search?q=wuzzuf)
[2026-05-01 03:56:33] INFO: Fetched (200) <GET https://wuzzuf.net/jobs/p/zj23qr0die8o-senior-database-admin-developer-sql-bi-technologies-cairo-egypt> (referer: https://www.google.com/search?q=wuzzuf)
[2026-05-01 03:56:34] INFO: Fetched (200) <GET https://wuzzuf.net/jobs/p/9r8n81fnjleg-senior-full-stack-software-engineer-global-cairo-egypt> (referer: https://www.google.com/search?q=wuzzuf)
[2026-05-01 03:56:34] INFO: Fetched (200) <GET https://wuzzuf.net/jobs/p/uvdizpluunee-full-stack-developer-ibn-sina-pharma-cairo-egypt> (referer: https://www.google.com/search?q=wuzzuf)
[2026-05-01 03:56:34] INFO: Fetched (200) <GET https://wuzzuf.net/jobs/p/4hmmvblpweo3-flutter-developer-al-tadamun-microfinance-association-giza-egypt> (referer: https://www.google.com/search?q=wuzzuf)
[2026-05-01 03:56:35] INFO: Fetched (200) <GET https://wuzzuf.net/jobs/p/rjrdhqmozyqo-frontend-developer-flutter-modern-ui-mashura-consultants-cairo-egypt> (referer: https://www.google.com/search?q=wuzzuf)
[2026-05-01 03:56:36] INFO: Fetched (200) <GET https://wuzzuf.net/jobs/p/nz5emsco6zys-full-stack-mobile-developer-inventors-incubator-alexandria-egypt> (referer: https://www.google.com/search?q=wuzzuf)
[2026-05-01 03:56:36] INFO: Fetched (200) <GET https://wuzzuf.net/jobs/p/4axspr5mqeau-senior-java-jbpm-workflow-developer-growth-horizons-consulting-cairo-egypt> (referer: https://www.google.com/search?q=wuzzuf)
[2026-05-01 03:56:39] INFO: Fetched (200) <GET https://wuzzuf.net/search/jobs/?q=backend+developer&start=2> (referer: https://www.google.com/search?q=wuzzuf)
[2026-05-01 03:56:40] INFO: Fetched (200) <GET https://wuzzuf.net/jobs/p/9a4o5opam0se-senior-react-native-mobile-developer-aliaict-cairo-egypt> (referer: https://www.google.com/search?q=wuzzuf)
[2026-05-01 03:56:41] INFO: Fetched (200) <GET https://wuzzuf.net/jobs/p/zhump6g8tady-python-developer-ai-integration-the-national-company-for-fertilizers-and-chemical-industries-monufya-egypt> (referer: https://www.google.com/search?q=wuzzuf)
[2026-05-01 03:56:41] INFO: Fetched (200) <GET https://wuzzuf.net/jobs/p/nm8b1ofofkrs-senior-laravel-developer-34ml-cairo-egypt> (referer: https://www.google.com/search?q=wuzzuf)
[2026-05-01 03:56:41] INFO: Fetched (200) <GET https://wuzzuf.net/jobs/p/fqida81qep3c-senior-frontend-developer-nextjs-vuejs-gigsa-cairo-egypt> (referer: https://www.google.com/search?q=wuzzuf)
[2026-05-01 03:56:42] INFO: Fetched (200) <GET https://wuzzuf.net/jobs/p/ur9wbwsmeid4-senior-node-js-developer-cairo-egypt> (referer: https://www.google.com/search?q=wuzzuf)
[2026-05-01 03:56:42] INFO: Fetched (200) <GET https://wuzzuf.net/jobs/p/cmqwhof6hshc-front-end-developer-angular-isfp-alexandria-egypt> (referer: https://www.google.com/search?q=wuzzuf)
[2026-05-01 03:56:43] INFO: Fetched (200) <GET https://wuzzuf.net/jobs/p/qe9l0sqp9u15-senior-software-developer-java-angular-cairo-egypt> (referer: https://www.google.com/search?q=wuzzuf)
[2026-05-01 03:56:43] INFO: Fetched (200) <GET https://wuzzuf.net/jobs/p/0scw5af5xjdq-flutter-developer-ibn-sina-pharma-cairo-egypt> (referer: https://www.google.com/search?q=wuzzuf)
[2026-05-01 03:56:44] INFO: Fetched (200) <GET https://wuzzuf.net/jobs/p/kmiuk743oelq-senior-front-end-developer-vuejs-furat-frat-cairo-egypt> (referer: https://www.google.com/search?q=wuzzuf)
[2026-05-01 03:56:44] INFO: Fetched (200) <GET https://wuzzuf.net/jobs/p/v7fag1zdyfbc-full-stack-js-developer-vertex-technologies-cairo-egypt> (referer: https://www.google.com/search?q=wuzzuf)
[2026-05-01 03:56:44] INFO: Fetched (200) <GET https://wuzzuf.net/jobs/p/kqfc9gxyjjcp-app-development-project-manager-cairo-egypt> (referer: https://www.google.com/search?q=wuzzuf)
[2026-05-01 03:56:45] INFO: Fetched (200) <GET https://wuzzuf.net/jobs/p/koykvcv0ier7-full-stack-software-developer-modupay-sharqia-egypt> (referer: https://www.google.com/search?q=wuzzuf)
[2026-05-01 03:56:45] INFO: Fetched (200) <GET https://wuzzuf.net/jobs/p/pu93wo7jtoy1-vuejs-developer-chicago-united-states> (referer: https://www.google.com/search?q=wuzzuf)
[2026-05-01 03:56:46] INFO: Fetched (200) <GET https://wuzzuf.net/jobs/p/9pjzvd5aki6t-senior-android-developer-madar-soft-alexandria-egypt> (referer: https://www.google.com/search?q=wuzzuf)
[2026-05-01 03:56:48] INFO: Fetched (200) <GET https://wuzzuf.net/jobs/p/nyvvuwhadtjo-software-developer-hits-solutions-cairo-egypt> (referer: https://www.google.com/search?q=wuzzuf)
[2026-05-01 03:56:49] INFO: Fetched (200) <GET https://wuzzuf.net/search/jobs/?q=frontend+developer&start=0> (referer: https://www.google.com/search?q=wuzzuf)
[2026-05-01 03:56:51] INFO: Fetched (200) <GET https://wuzzuf.net/jobs/p/z23etokytjfy-midlevel-frontend-developer-evunity-giza-egypt> (referer: https://www.google.com/search?q=wuzzuf)
[2026-05-01 03:56:51] INFO: Fetched (200) <GET https://wuzzuf.net/jobs/p/eikqcdpfottr-senior-frontend-developer-angular-egabi-fsi-cairo-egypt> (referer: https://www.google.com/search?q=wuzzuf)
[2026-05-01 03:56:51] INFO: Fetched (200) <GET https://wuzzuf.net/jobs/p/dgse98psxe5o-senior-frontend-developer-firsttech-cairo-egypt> (referer: https://www.google.com/search?q=wuzzuf)
[2026-05-01 03:56:51] INFO: Fetched (200) <GET https://wuzzuf.net/jobs/p/g33aed4prta6-senior-net-developer-c-web-api-blazor-maui-elsaba-group-co-cairo-egypt> (referer: https://www.google.com/search?q=wuzzuf)
[2026-05-01 03:56:52] INFO: Fetched (200) <GET https://wuzzuf.net/jobs/p/psmefhi8r6kw-frontend-developer-mid-level-react-ecosas-international-giza-egypt> (referer: https://www.google.com/search?q=wuzzuf)
[2026-05-01 03:56:52] INFO: Fetched (200) <GET https://wuzzuf.net/jobs/p/vj55jfxwzaow-uiux-developer-native-css-javascript-prismatecs-cairo-egypt> (referer: https://www.google.com/search?q=wuzzuf)
[2026-05-01 03:56:56] INFO: Fetched (200) <GET https://wuzzuf.net/search/jobs/?q=frontend+developer&start=1> (referer: https://www.google.com/search?q=wuzzuf)
[2026-05-01 03:56:57] INFO: Fetched (200) <GET https://wuzzuf.net/jobs/p/halpkmuimq5h-senior-front-end-developer-vuejs-sure-international-technology-cairo-egypt> (referer: https://www.google.com/search?q=wuzzuf)
[2026-05-01 03:56:57] INFO: Fetched (200) <GET https://wuzzuf.net/jobs/p/hsp1py0d3qa1-middle-full-stack-net-developer-vertex-technologies-cairo-egypt> (referer: https://www.google.com/search?q=wuzzuf)
[2026-05-01 03:56:57] INFO: Fetched (200) <GET https://wuzzuf.net/jobs/p/b1l7nuffcuhn-frontend-engineer-flutter-oliv-cairo-egypt> (referer: https://www.google.com/search?q=wuzzuf)
[2026-05-01 03:56:58] INFO: Fetched (200) <GET https://wuzzuf.net/jobs/p/na45jm5zfvmp-front-end-team-lead-get-group-egypt-cairo-egypt> (referer: https://www.google.com/search?q=wuzzuf)
[2026-05-01 03:56:58] INFO: Fetched (200) <GET https://wuzzuf.net/jobs/p/neopyo7d3k05-front-end-engineer-devency-cairo-egypt> (referer: https://www.google.com/search?q=wuzzuf)
[2026-05-01 03:56:59] INFO: Fetched (200) <GET https://wuzzuf.net/jobs/p/3obhza4wj8t2-developer-royal-palm-holidays-cairo-egypt> (referer: https://www.google.com/search?q=wuzzuf)
[2026-05-01 03:57:00] INFO: Fetched (200) <GET https://wuzzuf.net/jobs/p/dpg5e7v6msbe-junior-python-django-full-stack-developer-software-house-solution-cairo-egypt> (referer: https://www.google.com/search?q=wuzzuf)
[2026-05-01 03:57:00] INFO: Fetched (200) <GET https://wuzzuf.net/jobs/p/lac5a1jg0yow-senior-angular-developer-growth-horizons-consulting-cairo-egypt> (referer: https://www.google.com/search?q=wuzzuf)
[2026-05-01 03:57:00] INFO: Fetched (200) <GET https://wuzzuf.net/jobs/p/6mygipbcrf28-oracle-apex-developer-icis-cairo-egypt> (referer: https://www.google.com/search?q=wuzzuf)
[2026-05-01 03:57:03] INFO: Fetched (200) <GET https://wuzzuf.net/search/jobs/?q=frontend+developer&start=2> (referer: https://www.google.com/search?q=wuzzuf)
[2026-05-01 03:57:05] INFO: Fetched (200) <GET https://wuzzuf.net/jobs/p/y6uz8gdyl6x3-senior-full-stack-net-developer-cairo-egypt> (referer: https://www.google.com/search?q=wuzzuf)
[2026-05-01 03:57:05] INFO: Fetched (200) <GET https://wuzzuf.net/jobs/p/cwgzhehjlglp-senior-full-stack-laravel-developer-boca-pro-cairo-egypt> (referer: https://www.google.com/search?q=wuzzuf)
[2026-05-01 03:57:05] INFO: Fetched (200) <GET https://wuzzuf.net/jobs/p/ojz34mhco7cd-front-end-developer-skarpt-company-giza-egypt> (referer: https://www.google.com/search?q=wuzzuf)
[2026-05-01 03:57:06] INFO: Fetched (200) <GET https://wuzzuf.net/jobs/p/ty5uhi0qiacc-middle-fullstack-python-developer-vertex-technologies-cairo-egypt> (referer: https://www.google.com/search?q=wuzzuf)
[2026-05-01 03:57:06] INFO: Fetched (200) <GET https://wuzzuf.net/jobs/p/p4pzoizjqjn3-full-stack-developer-riyada-cairo-egypt> (referer: https://www.google.com/search?q=wuzzuf)
[2026-05-01 03:57:07] INFO: Fetched (200) <GET https://wuzzuf.net/jobs/p/i7zdzhofzvsw-react-js-developer-giza-egypt> (referer: https://www.google.com/search?q=wuzzuf)
[2026-05-01 03:57:08] INFO: Fetched (200) <GET https://wuzzuf.net/jobs/p/azbsvzf9ofgt-front-end-developer-react-js-fivem-cairo-egypt> (referer: https://www.google.com/search?q=wuzzuf)
[2026-05-01 03:57:09] INFO: Fetched (200) <GET https://wuzzuf.net/search/jobs/?q=full+stack+developer&start=0> (referer: https://www.google.com/search?q=wuzzuf)
[2026-05-01 03:57:10] INFO: Fetched (200) <GET https://wuzzuf.net/jobs/p/lkxuzf9szrf2-golang-full-stack-instructor-yat-learning-centers-cairo-egypt> (referer: https://www.google.com/search?q=wuzzuf)
[2026-05-01 03:57:10] INFO: Fetched (200) <GET https://wuzzuf.net/jobs/p/yvr7yqyyyrkd-technical-team-lead-full-stack-net-angular-dynasystems-cairo-egypt> (referer: https://www.google.com/search?q=wuzzuf)
[2026-05-01 03:57:11] INFO: Fetched (200) <GET https://wuzzuf.net/jobs/p/dydwwxc98muq-junior-full-stack-ai-native-developer-remote-gnc-management-services-cairo-egypt> (referer: https://www.google.com/search?q=wuzzuf)
[2026-05-01 03:57:11] INFO: Fetched (200) <GET https://wuzzuf.net/jobs/p/h66ch5xry7ex-senior-full-stack-developer-agricope-cairo-egypt> (referer: https://www.google.com/search?q=wuzzuf)
[2026-05-01 03:57:16] INFO: Fetched (200) <GET https://wuzzuf.net/search/jobs/?q=full+stack+developer&start=1> (referer: https://www.google.com/search?q=wuzzuf)
[2026-05-01 03:57:17] INFO: Fetched (302) <GET https://wuzzuf.net/saudi/jobs/p/ijk3htylox2q-full-stack-developer-ai-implementation-specialist-ayvo-makkah-saudi-arabia> (referer: https://www.google.com/search?q=wuzzuf)
[2026-05-01 03:57:17] INFO: Fetched (200) <GET https://wuzzuf.net/ar/saudi/jobs/p/ijk3htylox2q-full-stack-developer-ai-implementation-specialist-ayvo-makkah-saudi-arabia> (referer: https://www.google.com/search?q=wuzzuf)
[2026-05-01 03:57:17] INFO: Fetched (200) <GET https://wuzzuf.net/jobs/p/izwygnyyaup9-junior-full-stack-ai-native-developer-gnc-management-services-laventille-trinidad-tobago> (referer: https://www.google.com/search?q=wuzzuf)
[2026-05-01 03:57:18] INFO: Fetched (302) <GET https://wuzzuf.net/saudi/jobs/p/0hy3lkr2wnnf-full-stack-developer-ayvo-makkah-saudi-arabia> (referer: https://www.google.com/search?q=wuzzuf)
[2026-05-01 03:57:18] INFO: Fetched (200) <GET https://wuzzuf.net/ar/saudi/jobs/p/0hy3lkr2wnnf-full-stack-developer-ayvo-makkah-saudi-arabia> (referer: https://www.google.com/search?q=wuzzuf)
[2026-05-01 03:57:19] INFO: Fetched (200) <GET https://wuzzuf.net/jobs/p/bgfjecqls4oo-senior-full-stack-net-developer-vertex-technologies-cairo-egypt> (referer: https://www.google.com/search?q=wuzzuf)
[2026-05-01 03:57:19] INFO: Fetched (200) <GET https://wuzzuf.net/jobs/p/0whsflbxuria-php-full-stack-developer-mora-communications-company-cairo-egypt> (referer: https://www.google.com/search?q=wuzzuf)
[2026-05-01 03:57:19] INFO: Fetched (200) <GET https://wuzzuf.net/jobs/p/iu7vhrnueiyw-senior-full-stack-engineer-basharsoft-cairo-egypt> (referer: https://www.google.com/search?q=wuzzuf)
[2026-05-01 03:57:20] INFO: Fetched (200) <GET https://wuzzuf.net/jobs/p/adrrnq50dnt8-mid-level-full-stack-web-developer-nebras-technology-giza-egypt> (referer: https://www.google.com/search?q=wuzzuf)
[2026-05-01 03:57:21] INFO: Fetched (200) <GET https://wuzzuf.net/jobs/p/fpbjfikgpiix-senior-full-stack-developer-netangular-tawfeer-cairo-egypt> (referer: https://www.google.com/search?q=wuzzuf)
[2026-05-01 03:57:21] INFO: Fetched (200) <GET https://wuzzuf.net/jobs/p/fz1tasmwdcl0-senior-full-stack-net-angular-developer-tafeel-cairo-egypt> (referer: https://www.google.com/search?q=wuzzuf)
[2026-05-01 03:57:24] INFO: Fetched (200) <GET https://wuzzuf.net/search/jobs/?q=full+stack+developer&start=2> (referer: https://www.google.com/search?q=wuzzuf)
[2026-05-01 03:57:26] INFO: Fetched (200) <GET https://wuzzuf.net/jobs/p/vnrl3pluettk-software-developer-net-core-sql-typescript-bi-technologies-cairo-egypt> (referer: https://www.google.com/search?q=wuzzuf)
[2026-05-01 03:57:26] INFO: Fetched (200) <GET https://wuzzuf.net/jobs/p/c1uddf4aotdw-senior-full-stack-engineer-oliv-cairo-egypt> (referer: https://www.google.com/search?q=wuzzuf)
[2026-05-01 03:57:26] INFO: Fetched (200) <GET https://wuzzuf.net/jobs/p/gv1vyexkxjpz-engineering-lead-senior-full-stack-engineer-global-cairo-egypt> (referer: https://www.google.com/search?q=wuzzuf)
[2026-05-01 03:57:28] INFO: Fetched (200) <GET https://wuzzuf.net/jobs/p/u4yu1konjysu-odoo-developer-anecdote-agency-cairo-egypt> (referer: https://www.google.com/search?q=wuzzuf)
[2026-05-01 03:57:28] INFO: Fetched (200) <GET https://wuzzuf.net/jobs/p/hhdxrfgeihlc-soc-noc-engineer-security-monitoring-operations-compliance-cairo-egypt> (referer: https://www.google.com/search?q=wuzzuf)
[2026-05-01 03:57:28] INFO: Fetched (200) <GET https://wuzzuf.net/jobs/p/fwhww8rpcqrj-senior-software-developers-javaangular-mts-it-cairo-egypt> (referer: https://www.google.com/search?q=wuzzuf)
[2026-05-01 03:57:29] INFO: Fetched (200) <GET https://wuzzuf.net/jobs/p/nokfvagrusfq-unity-game-developer-digital-skynet-corp-cairo-egypt> (referer: https://www.google.com/search?q=wuzzuf)
[2026-05-01 03:57:30] INFO: Fetched (200) <GET https://wuzzuf.net/search/jobs/?q=software+engineer&start=0> (referer: https://www.google.com/search?q=wuzzuf)
[2026-05-01 03:57:32] INFO: Fetched (200) <GET https://wuzzuf.net/jobs/p/jkcbwnafdkmt-senior-software-quality-assurance-engineer-firsttech-cairo-egypt> (referer: https://www.google.com/search?q=wuzzuf)
[2026-05-01 03:57:32] INFO: Fetched (200) <GET https://wuzzuf.net/jobs/p/7cbn30bkl4rt-senior-net-software-engineer-teaspoon-san-jose-united-states> (referer: https://www.google.com/search?q=wuzzuf)
[2026-05-01 03:57:32] INFO: Fetched (200) <GET https://wuzzuf.net/jobs/p/9rhh6bv7kdib-software-engineer-technical-content-cc-global-group-llc-cairo-egypt> (referer: https://www.google.com/search?q=wuzzuf)
[2026-05-01 03:57:33] INFO: Fetched (200) <GET https://wuzzuf.net/jobs/p/ovsm5gjibia4-software-engineering-net-teamleader-intcomp-tech-intelligence-cairo-egypt> (referer: https://www.google.com/search?q=wuzzuf)
[2026-05-01 03:57:33] INFO: Fetched (200) <GET https://wuzzuf.net/jobs/p/boc8mfuiz0wx-software-engineer-cairo-egypt> (referer: https://www.google.com/search?q=wuzzuf)
[2026-05-01 03:57:33] INFO: Fetched (200) <GET https://wuzzuf.net/jobs/p/gjyttdn4krkd-software-engineer-boysen-egypt-giza-egypt> (referer: https://www.google.com/search?q=wuzzuf)
[2026-05-01 03:57:35] INFO: Fetched (200) <GET https://wuzzuf.net/jobs/p/saj1jrqhbcur-pre-sales-engineer-software-solutions-cubic-information-systems-cairo-egypt> (referer: https://www.google.com/search?q=wuzzuf)
[2026-05-01 03:57:35] INFO: Fetched (200) <GET https://wuzzuf.net/jobs/p/pkscdyrd5uo5-computer-software-developer-industrial-modernisation-centre-imc-cairo-egypt> (referer: https://www.google.com/search?q=wuzzuf)
[2026-05-01 03:57:35] INFO: Fetched (200) <GET https://wuzzuf.net/jobs/p/5q5nwgwrpwjv-it-software-specialist-jessour-misr-giza-egypt> (referer: https://www.google.com/search?q=wuzzuf)
[2026-05-01 03:57:36] INFO: Fetched (200) <GET https://wuzzuf.net/jobs/p/nz7xgqqq9m6d-software-tester-alexandria-isfp-alexandria-egypt> (referer: https://www.google.com/search?q=wuzzuf)
[2026-05-01 03:57:36] INFO: Fetched (200) <GET https://wuzzuf.net/jobs/p/bqek5tzwo6ow-software-sales-account-manager-roaya-cairo-egypt> (referer: https://www.google.com/search?q=wuzzuf)
[2026-05-01 03:57:37] INFO: Fetched (200) <GET https://wuzzuf.net/jobs/p/fqqsebmyctpr-engineer-misr-investment-cairo-egypt> (referer: https://www.google.com/search?q=wuzzuf)
[2026-05-01 03:57:38] INFO: Fetched (200) <GET https://wuzzuf.net/jobs/p/jtxalkmu03uq-junior-qs-engineer-asas-contracting-cairo-egypt> (referer: https://www.google.com/search?q=wuzzuf)
[2026-05-01 03:57:38] INFO: Fetched (200) <GET https://wuzzuf.net/jobs/p/nc751upembcj-senior-qs-engineer-asas-contracting-cairo-egypt> (referer: https://www.google.com/search?q=wuzzuf)
[2026-05-01 03:57:42] INFO: Fetched (200) <GET https://wuzzuf.net/search/jobs/?q=software+engineer&start=1> (referer: https://www.google.com/search?q=wuzzuf)
[2026-05-01 03:57:43] INFO: Fetched (200) <GET https://wuzzuf.net/jobs/p/sa5n5yhmsxbb-architecture-senior-engineer-gb-corp-giza-egypt> (referer: https://www.google.com/search?q=wuzzuf)
[2026-05-01 03:57:44] INFO: Fetched (200) <GET https://wuzzuf.net/jobs/p/7j1nv1ifczfr-senior-machine-learning-engineer-solship-cairo-egypt> (referer: https://www.google.com/search?q=wuzzuf)
[2026-05-01 03:57:44] INFO: Fetched (200) <GET https://wuzzuf.net/jobs/p/cic4lupcd828-ff-e-engineer-amer-vision-group-cairo-egypt> (referer: https://www.google.com/search?q=wuzzuf)
[2026-05-01 03:57:46] INFO: Fetched (200) <GET https://wuzzuf.net/jobs/p/nciokgfwj9iz-senior-sales-engineer-yama-engineering-system-cairo-egypt> (referer: https://www.google.com/search?q=wuzzuf)
[2026-05-01 03:57:46] INFO: Fetched (200) <GET https://wuzzuf.net/jobs/p/2c7zqyhbbkwp-design-reverse-senior-engineer-kandil-industries-cairo-egypt> (referer: https://www.google.com/search?q=wuzzuf)
[2026-05-01 03:57:47] INFO: Fetched (200) <GET https://wuzzuf.net/jobs/p/7zfexcga7m0a-senior-it-sales-engineer-professional-service-proserv-cairo-egypt> (referer: https://www.google.com/search?q=wuzzuf)
[2026-05-01 03:57:47] INFO: Fetched (200) <GET https://wuzzuf.net/jobs/p/wtqzdqteqhjy-senior-av-engineer-egypt-university-of-informatics-eui-cairo-egypt> (referer: https://www.google.com/search?q=wuzzuf)
[2026-05-01 03:57:48] INFO: Fetched (200) <GET https://wuzzuf.net/jobs/p/25aec4fipewm-bridge-design-engineer-sinoma-cdi-cairo-egypt> (referer: https://www.google.com/search?q=wuzzuf)
[2026-05-01 03:57:48] INFO: Fetched (200) <GET https://wuzzuf.net/jobs/p/pu4aaiogxd2w-site-steel-erection-engineer-floortec-giza-egypt> (referer: https://www.google.com/search?q=wuzzuf)
[2026-05-01 03:57:49] INFO: Fetched (200) <GET https://wuzzuf.net/jobs/p/uy5ag8ukjvjm-mechanical-maintenance-engineer-modern-structures-equipment-beni-suef-egypt> (referer: https://www.google.com/search?q=wuzzuf)
[2026-05-01 03:57:49] INFO: Fetched (200) <GET https://wuzzuf.net/jobs/p/p47ssjx8ctek-electrical-technical-office-engineer-and-project-studies-electrotech-alexandria-egypt> (referer: https://www.google.com/search?q=wuzzuf)
[2026-05-01 03:57:50] INFO: Fetched (200) <GET https://wuzzuf.net/jobs/p/rgonw2fucwqu-mechanical-and-infrastructure-engineering-team-leader-square-engineering-firm-alexandria-egypt> (referer: https://www.google.com/search?q=wuzzuf)
[2026-05-01 03:57:50] INFO: Fetched (200) <GET https://wuzzuf.net/jobs/p/u8jus9utthq0-ai-prompt-engineer-inventors-incubator-alexandria-egypt> (referer: https://www.google.com/search?q=wuzzuf)
[2026-05-01 03:57:50] INFO: Fetched (200) <GET https://wuzzuf.net/jobs/p/0d0c9mml1hui-electrical-engineering-team-leader-square-engineering-firm-alexandria-egypt> (referer: https://www.google.com/search?q=wuzzuf)
[2026-05-01 03:57:51] INFO: Fetched (200) <GET https://wuzzuf.net/jobs/p/0o9xrqfkyhb8-mechanical-design-engineer-el-teriak-industrial-group-giza-egypt> (referer: https://www.google.com/search?q=wuzzuf)
[2026-05-01 03:57:54] INFO: Fetched (200) <GET https://wuzzuf.net/search/jobs/?q=software+engineer&start=2> (referer: https://www.google.com/search?q=wuzzuf)
[2026-05-01 03:57:56] INFO: Fetched (200) <GET https://wuzzuf.net/jobs/p/mymetxvg2ddv-senior-instrumentation-engineer-east-cairo-egypt> (referer: https://www.google.com/search?q=wuzzuf)
[2026-05-01 03:57:56] INFO: Fetched (200) <GET https://wuzzuf.net/jobs/p/sckmjxos0ok7-technical-office-senior-engineer-national-electricity-technology-co-giza-egypt> (referer: https://www.google.com/search?q=wuzzuf)
[2026-05-01 03:57:57] INFO: Fetched (200) <GET https://wuzzuf.net/jobs/p/w72r4qs7sifr-architecture-technical-office-engineer-capital-office-furniture-cairo-egypt> (referer: https://www.google.com/search?q=wuzzuf)
[2026-05-01 03:57:58] INFO: Fetched (200) <GET https://wuzzuf.net/jobs/p/desxrlp7krfz-senior-data-engineer-gb-corp-giza-egypt> (referer: https://www.google.com/search?q=wuzzuf)
[2026-05-01 03:57:58] INFO: Fetched (200) <GET https://wuzzuf.net/jobs/p/7u9cjycupj1b-it-maintenance-engineer-protection-giza-egypt> (referer: https://www.google.com/search?q=wuzzuf)
[2026-05-01 03:57:58] INFO: Fetched (200) <GET https://wuzzuf.net/jobs/p/bb4c7jdpou2c-it-support-engineer-it-pillars-cairo-egypt> (referer: https://www.google.com/search?q=wuzzuf)
[2026-05-01 03:57:59] INFO: Fetched (200) <GET https://wuzzuf.net/jobs/p/uj52sayudrjt-technical-office-engineer-arias-egypt-monufya-egypt> (referer: https://www.google.com/search?q=wuzzuf)
[2026-05-01 03:57:59] INFO: Fetched (200) <GET https://wuzzuf.net/jobs/p/ss9td913wele-technical-office-engineers-green-river-for-urban-development-cairo-egypt> (referer: https://www.google.com/search?q=wuzzuf)
[2026-05-01 03:57:59] INFO: Fetched (200) <GET https://wuzzuf.net/jobs/p/fqrqxy0iakkr-cloud-devops-engineer-cairo-egypt> (referer: https://www.google.com/search?q=wuzzuf)
[2026-05-01 03:58:00] INFO: Fetched (200) <GET https://wuzzuf.net/jobs/p/tbgin5pr7yqp-technical-support-engineer-ultimate-solutions-egypt-giza-egypt> (referer: https://www.google.com/search?q=wuzzuf)
[2026-05-01 03:58:01] INFO: Fetched (200) <GET https://wuzzuf.net/jobs/p/eellkjgfj2bd-payment-integration-engineer-efada-technology-cairo-egypt> (referer: https://www.google.com/search?q=wuzzuf)
[2026-05-01 03:58:01] INFO: Fetched (200) <GET https://wuzzuf.net/jobs/p/70ol4ll1jgcs-hvac-design-engineer-orient-egypt-giza-egypt> (referer: https://www.google.com/search?q=wuzzuf)
[2026-05-01 03:58:02] INFO: Fetched (200) <GET https://wuzzuf.net/jobs/p/hg0bbqql8pjy-senior-pre-sales-engineer-software-solutions-banking-sector-egabi-fsi-cairo-egypt> (referer: https://www.google.com/search?q=wuzzuf)
[2026-05-01 03:58:03] INFO: Fetched (200) <GET https://wuzzuf.net/search/jobs/?q=mobile+developer&start=0> (referer: https://www.google.com/search?q=wuzzuf)
[2026-05-01 03:58:05] INFO: Fetched (200) <GET https://wuzzuf.net/jobs/p/i8hyqxmuicek-maintenance-engineer-mobiles-raya-distribution-aswan-egypt> (referer: https://www.google.com/search?q=wuzzuf)
[2026-05-01 03:58:05] INFO: Fetched (200) <GET https://wuzzuf.net/jobs/p/rkuvwvgccttr-mobile-app-developer-flutter-react-native-freelance-project-based-cairo-egypt> (referer: https://www.google.com/search?q=wuzzuf)
[2026-05-01 03:58:06] INFO: Fetched (200) <GET https://wuzzuf.net/jobs/p/7lrlejk0sbsm-mobile-health-activity-manager-medecins-sans-frontieres-giza-egypt> (referer: https://www.google.com/search?q=wuzzuf)
[2026-05-01 03:58:06] INFO: Fetched (200) <GET https://wuzzuf.net/jobs/p/v6clb3yerhv4-procurment-mobile-accessories-sky-distribution-giza-egypt> (referer: https://www.google.com/search?q=wuzzuf)
[2026-05-01 03:58:07] INFO: Fetched (200) <GET https://wuzzuf.net/jobs/p/5r9zxw8nlzto-senior-ios-developer-34ml-cairo-egypt> (referer: https://www.google.com/search?q=wuzzuf)
[2026-05-01 03:58:07] INFO: Fetched (200) <GET https://wuzzuf.net/jobs/p/zqrd6wocjzxv-sales-specialistl-cairo-egypt> (referer: https://www.google.com/search?q=wuzzuf)
[2026-05-01 03:58:08] INFO: Fetched (200) <GET https://wuzzuf.net/jobs/p/qvdygckyhhwe-senior-android-developer-34ml-cairo-egypt> (referer: https://www.google.com/search?q=wuzzuf)
[2026-05-01 03:58:09] INFO: Fetched (200) <GET https://wuzzuf.net/jobs/p/djn7iolu9qwb-quality-control-engineer-midlevel-afaqy-cairo-egypt> (referer: https://www.google.com/search?q=wuzzuf)
[2026-05-01 03:58:09] INFO: Fetched (200) <GET https://wuzzuf.net/jobs/p/gtwlldqykksj-senior-process-engineer-oppo-egypt-manufacturing-cairo-egypt> (referer: https://www.google.com/search?q=wuzzuf)
[2026-05-01 03:58:12] INFO: Fetched (200) <GET https://wuzzuf.net/search/jobs/?q=mobile+developer&start=1> (referer: https://www.google.com/search?q=wuzzuf)
[2026-05-01 03:58:14] INFO: Fetched (200) <GET https://wuzzuf.net/jobs/p/hgntvjkhfbnk-specialist-category-product-raya-distribution-cairo-egypt> (referer: https://www.google.com/search?q=wuzzuf)
[2026-05-01 03:58:14] INFO: Fetched (200) <GET https://wuzzuf.net/jobs/p/tilylqtomtxd-business-development-executive-refaat-construction-baxter-cairo-egypt> (referer: https://www.google.com/search?q=wuzzuf)
[2026-05-01 03:58:14] INFO: Fetched (200) <GET https://wuzzuf.net/jobs/p/ild9o9bxpl39-kochava-specialist-welyra-cairo-egypt> (referer: https://www.google.com/search?q=wuzzuf)
[2026-05-01 03:58:16] INFO: Fetched (200) <GET https://wuzzuf.net/jobs/p/aqjjzilrtqat-international-business-development-senior-specialist-itida-giza-egypt> (referer: https://www.google.com/search?q=wuzzuf)
[2026-05-01 03:58:19] INFO: Fetched (200) <GET https://wuzzuf.net/search/jobs/?q=mobile+developer&start=2> (referer: https://www.google.com/search?q=wuzzuf)
[2026-05-01 03:58:21] INFO: Fetched (302) <GET https://wuzzuf.net/saudi/jobs/p/e0jttmicxc4g-senior-flutter-developer-code-saraa-information-technology-riyadh-saudi-arabia> (referer: https://www.google.com/search?q=wuzzuf)
[2026-05-01 03:58:21] INFO: Fetched (200) <GET https://wuzzuf.net/ar/saudi/jobs/p/e0jttmicxc4g-senior-flutter-developer-code-saraa-information-technology-riyadh-saudi-arabia> (referer: https://www.google.com/search?q=wuzzuf)
[2026-05-01 03:58:21] INFO: Fetched (200) <GET https://wuzzuf.net/jobs/p/y7pylp2zsscq-video-creator-specialist-alqalam-cairo-egypt> (referer: https://www.google.com/search?q=wuzzuf)
[2026-05-01 03:58:22] INFO: Fetched (200) <GET https://wuzzuf.net/jobs/p/lokww6j945fm-laravel-developer-al-ghad-tv-giza-egypt> (referer: https://www.google.com/search?q=wuzzuf)
[2026-05-01 03:58:23] INFO: Fetched (200) <GET https://wuzzuf.net/jobs/p/lq6aassi36mc-middle-react-native-developer-vertex-technologies-cairo-egypt> (referer: https://www.google.com/search?q=wuzzuf)
[2026-05-01 03:58:23] INFO: Fetched (200) <GET https://wuzzuf.net/jobs/p/ef43e4fsn81w-middle-ios-developer-vertex-technologies-cairo-egypt> (referer: https://www.google.com/search?q=wuzzuf)
[2026-05-01 03:58:23] INFO: Fetched (200) <GET https://wuzzuf.net/jobs/p/3wfmnxnhis88-business-development-manager-traffix-adv-cairo-egypt> (referer: https://www.google.com/search?q=wuzzuf)
[2026-05-01 03:58:24] INFO: Fetched (200) <GET https://wuzzuf.net/jobs/p/9cwnth1na0cn-drupal-developer-al-ghad-tv-giza-egypt> (referer: https://www.google.com/search?q=wuzzuf)
[2026-05-01 03:58:24] INFO: Fetched (200) <GET https://wuzzuf.net/jobs/p/qvk0xbnfwrf0-fullstack-developer-php-nodejs-ecosas-international-giza-egypt> (referer: https://www.google.com/search?q=wuzzuf)
[2026-05-01 03:58:25] INFO: Fetched (200) <GET https://wuzzuf.net/jobs/p/s5f5rvmsfyux-junior-andriod-developer-al-ahly-momkn-for-e-payment-cairo-egypt> (referer: https://www.google.com/search?q=wuzzuf)
[2026-05-01 03:58:26] INFO: Fetched (200) <GET https://wuzzuf.net/jobs/p/8whptydo4xrt-sales-account-manager-sms-websites-digital-solutions-full-time-hybrid-ta-telecom-cairo-egypt> (referer: https://www.google.com/search?q=wuzzuf)
[2026-05-01 03:58:26] INFO: Fetched (200) <GET https://wuzzuf.net/jobs/p/ux2yasaw2edl-freelance-web-designer-cairo-egypt> (referer: https://www.google.com/search?q=wuzzuf)
[2026-05-01 03:58:28] INFO: Fetched (200) <GET https://wuzzuf.net/search/jobs/?q=android+developer&start=0> (referer: https://www.google.com/search?q=wuzzuf)
[2026-05-01 03:58:29] INFO: Fetched (200) <GET https://wuzzuf.net/jobs/p/g3vkffip7se8-middle-it-business-analyst-vertex-technologies-cairo-egypt> (referer: https://www.google.com/search?q=wuzzuf)
[2026-05-01 03:58:30] INFO: Fetched (200) <GET https://wuzzuf.net/jobs/p/e6zld33iieh4-sales-advisor-xprs-cairo-egypt> (referer: https://www.google.com/search?q=wuzzuf)
[2026-05-01 03:58:30] INFO: Fetched (200) <GET https://wuzzuf.net/jobs/p/1fg09ndhsvgm-senior-flutter-developer-giza-egypt> (referer: https://www.google.com/search?q=wuzzuf)
[2026-05-01 03:58:31] INFO: Fetched (200) <GET https://wuzzuf.net/jobs/p/afgqamure47p-direct-sales-specialist-smart-devices-biobusiness-cairo-egypt> (referer: https://www.google.com/search?q=wuzzuf)
[2026-05-01 03:58:34] INFO: Fetched (200) <GET https://wuzzuf.net/search/jobs/?q=android+developer&start=1> (referer: https://www.google.com/search?q=wuzzuf)
[2026-05-01 03:58:35] INFO: Fetched (200) <GET https://wuzzuf.net/jobs/p/jw01cgjbj0b7-it-service-desk-specialist-dewan-architects-and-engineers-cairo-egypt> (referer: https://www.google.com/search?q=wuzzuf)
[2026-05-01 03:58:38] INFO: Fetched (200) <GET https://wuzzuf.net/search/jobs/?q=android+developer&start=2> (referer: https://www.google.com/search?q=wuzzuf)
[2026-05-01 03:58:39] INFO: Fetched (200) <GET https://wuzzuf.net/search/jobs/?q=ios+developer&start=0> (referer: https://www.google.com/search?q=wuzzuf)
[2026-05-01 03:58:41] INFO: Fetched (200) <GET https://wuzzuf.net/jobs/p/crqojxyh75ip-business-analyst-cairo-egypt> (referer: https://www.google.com/search?q=wuzzuf)
[2026-05-01 03:58:41] INFO: Fetched (200) <GET https://wuzzuf.net/jobs/p/cxqzgdcmgadf-executive-help-desk-specialist-mk-enterprise-cairo-egypt> (referer: https://www.google.com/search?q=wuzzuf)
[2026-05-01 03:58:41] INFO: Fetched (200) <GET https://wuzzuf.net/jobs/p/xvz23iqiajtt-network-engineer-technosat-cairo-egypt> (referer: https://www.google.com/search?q=wuzzuf)
[2026-05-01 03:58:44] INFO: Fetched (200) <GET https://wuzzuf.net/search/jobs/?q=ios+developer&start=1> (referer: https://www.google.com/search?q=wuzzuf)
[2026-05-01 03:58:45] INFO: Fetched (200) <GET https://wuzzuf.net/search/jobs/?q=devops+engineer&start=0> (referer: https://www.google.com/search?q=wuzzuf)
[2026-05-01 03:58:47] INFO: Fetched (200) <GET https://wuzzuf.net/jobs/p/o1elefygyccj-senior-devops-engineer-link-development-cairo-egypt> (referer: https://www.google.com/search?q=wuzzuf)
[2026-05-01 03:58:47] INFO: Fetched (200) <GET https://wuzzuf.net/jobs/p/m2vfkpth4l4x-middle-devops-engineer-vertex-technologies-cairo-egypt> (referer: https://www.google.com/search?q=wuzzuf)
[2026-05-01 03:58:47] INFO: Fetched (200) <GET https://wuzzuf.net/jobs/p/jwle0q7uzciv-senior-devops-engineer-azm-squad-cairo-egypt> (referer: https://www.google.com/search?q=wuzzuf)
[2026-05-01 03:58:48] INFO: Fetched (200) <GET https://wuzzuf.net/jobs/p/hyvlidbockha-devops-platform-engineer-newvision-cairo-egypt> (referer: https://www.google.com/search?q=wuzzuf)
[2026-05-01 03:58:48] INFO: Fetched (302) <GET https://wuzzuf.net/saudi/jobs/p/nzdjqqtkidvq-devops-engineer-ayvo-makkah-saudi-arabia> (referer: https://www.google.com/search?q=wuzzuf)
[2026-05-01 03:58:48] INFO: Fetched (200) <GET https://wuzzuf.net/ar/saudi/jobs/p/nzdjqqtkidvq-devops-engineer-ayvo-makkah-saudi-arabia> (referer: https://www.google.com/search?q=wuzzuf)
[2026-05-01 03:58:48] INFO: Fetched (200) <GET https://wuzzuf.net/jobs/p/jxuruawr49qq-private-cloud-engineer-virtualization-cloud-platforms-cairo-egypt> (referer: https://www.google.com/search?q=wuzzuf)
[2026-05-01 03:58:51] INFO: Fetched (200) <GET https://wuzzuf.net/search/jobs/?q=devops+engineer&start=1> (referer: https://www.google.com/search?q=wuzzuf)
[2026-05-01 03:58:53] INFO: Fetched (200) <GET https://wuzzuf.net/jobs/p/frbujbisgbgj-technical-lead-odoo-developer-happy-care-cairo-egypt> (referer: https://www.google.com/search?q=wuzzuf)
[2026-05-01 03:58:53] INFO: Fetched (200) <GET https://wuzzuf.net/jobs/p/w2xbznsdouje-sales-development-representative-cdops-tech-pte-ltd-cairo-egypt> (referer: https://www.google.com/search?q=wuzzuf)
[2026-05-01 03:58:53] INFO: Fetched (200) <GET https://wuzzuf.net/jobs/p/3mugh5nf8r7r-erp-product-owner-high-speed-information-technology-cairo-egypt> (referer: https://www.google.com/search?q=wuzzuf)
[2026-05-01 03:58:54] INFO: Fetched (200) <GET https://wuzzuf.net/jobs/p/nttb1eaqadch-senior-software-tester-quality-assurance-qa-specialist-axon-cairo-egypt> (referer: https://www.google.com/search?q=wuzzuf)
[2026-05-01 03:58:54] INFO: Fetched (200) <GET https://wuzzuf.net/jobs/p/mlcf8hxdvftp-senior-php-laravel-developer-axon-cairo-egypt> (referer: https://www.google.com/search?q=wuzzuf)
[2026-05-01 03:58:54] INFO: Fetched (200) <GET https://wuzzuf.net/jobs/p/dw9vbculsh2b-senior-data-engineer-vertex-technologies-cairo-egypt> (referer: https://www.google.com/search?q=wuzzuf)
[2026-05-01 03:58:55] INFO: Fetched (200) <GET https://wuzzuf.net/jobs/p/8lct0omncsmb-senior-account-manager-healthtech-tpa-axon-cairo-egypt> (referer: https://www.google.com/search?q=wuzzuf)
[2026-05-01 03:58:55] INFO: Fetched (200) <GET https://wuzzuf.net/jobs/p/emllkgo2jr6y-software-developer-qanawat-cairo-egypt> (referer: https://www.google.com/search?q=wuzzuf)
[2026-05-01 03:58:56] INFO: Fetched (200) <GET https://wuzzuf.net/jobs/p/oorcxmtdevcq-senior-x-developer-d365-fo-technical-consultant-brain-catch-consulting-amman-jordan> (referer: https://www.google.com/search?q=wuzzuf)
[2026-05-01 03:58:57] INFO: Fetched (200) <GET https://wuzzuf.net/jobs/p/fnemtkifksho-aiops-engineer-dewan-architects-and-engineers-cairo-egypt> (referer: https://www.google.com/search?q=wuzzuf)
[2026-05-01 03:58:57] INFO: Fetched (200) <GET https://wuzzuf.net/jobs/p/astmgb95rnst-senior-java-developer-national-technology-group-giza-egypt> (referer: https://www.google.com/search?q=wuzzuf)
[2026-05-01 03:58:58] INFO: Fetched (200) <GET https://wuzzuf.net/jobs/p/nsq8odgbtvcb-microsoft-dynamics-365-administrator-misr-elkheir-foundation-cairo-egypt> (referer: https://www.google.com/search?q=wuzzuf)
[2026-05-01 03:58:59] INFO: Fetched (200) <GET https://wuzzuf.net/jobs/p/2bfrt16g96nw-site-reliability-engineer-sre-cairo-egypt> (referer: https://www.google.com/search?q=wuzzuf)
[2026-05-01 03:59:02] INFO: Fetched (200) <GET https://wuzzuf.net/search/jobs/?q=devops+engineer&start=2> (referer: https://www.google.com/search?q=wuzzuf)
[2026-05-01 03:59:03] INFO: Fetched (200) <GET https://wuzzuf.net/jobs/p/ksk0gj4luoju-software-architect-boysen-egypt-giza-egypt> (referer: https://www.google.com/search?q=wuzzuf)
[2026-05-01 03:59:04] INFO: Fetched (200) <GET https://wuzzuf.net/jobs/p/ih6crkmbglaz-it-manager-infrastructure-operations-cairo-egypt> (referer: https://www.google.com/search?q=wuzzuf)
[2026-05-01 03:59:04] INFO: Fetched (200) <GET https://wuzzuf.net/jobs/p/tyqd00fszg0f-project-manager-newvision-muscat-oman> (referer: https://www.google.com/search?q=wuzzuf)
[2026-05-01 03:59:05] INFO: Fetched (200) <GET https://wuzzuf.net/jobs/p/hyqrfbpkhpqe-porject-manager-alexandria-egypt> (referer: https://www.google.com/search?q=wuzzuf)
[2026-05-01 03:59:05] INFO: Fetched (200) <GET https://wuzzuf.net/jobs/p/tzjktanvvnuq-java-developer-egabi-fsi-cairo-egypt> (referer: https://www.google.com/search?q=wuzzuf)
[2026-05-01 03:59:05] INFO: Fetched (200) <GET https://wuzzuf.net/jobs/p/d5mertae6bss-senior-java-developer-egabi-fsi-cairo-egypt> (referer: https://www.google.com/search?q=wuzzuf)
[2026-05-01 03:59:06] INFO: Fetched (200) <GET https://wuzzuf.net/jobs/p/cbpgjl9yjnxw-head-of-private-cloud-operations-cairo-egypt> (referer: https://www.google.com/search?q=wuzzuf)
[2026-05-01 03:59:07] INFO: Fetched (200) <GET https://wuzzuf.net/search/jobs/?q=sre&start=0> (referer: https://www.google.com/search?q=wuzzuf)
[2026-05-01 03:59:09] INFO: Fetched (200) <GET https://wuzzuf.net/search/jobs/?q=sre&start=1> (referer: https://www.google.com/search?q=wuzzuf)
[2026-05-01 03:59:10] INFO: Fetched (200) <GET https://wuzzuf.net/search/jobs/?q=data+engineer&start=0> (referer: https://www.google.com/search?q=wuzzuf)
[2026-05-01 03:59:12] INFO: Fetched (200) <GET https://wuzzuf.net/jobs/p/f3fi6wjnx9o9-middle-data-engineer-vertex-technologies-cairo-egypt> (referer: https://www.google.com/search?q=wuzzuf)
[2026-05-01 03:59:12] INFO: Fetched (200) <GET https://wuzzuf.net/jobs/p/beqgj9o9kpfk-data-engineer-hyundai-rotem-cairo-egypt> (referer: https://www.google.com/search?q=wuzzuf)
[2026-05-01 03:59:12] INFO: Fetched (200) <GET https://wuzzuf.net/jobs/p/bitfhi15bemy-data-center-engineer-compute-storage-data-protection-cairo-egypt> (referer: https://www.google.com/search?q=wuzzuf)
[2026-05-01 03:59:13] INFO: Fetched (200) <GET https://wuzzuf.net/jobs/p/mc8ehc6xddfq-infrastructure-network-operations-engineer-data-center-wan-cairo-egypt> (referer: https://www.google.com/search?q=wuzzuf)
[2026-05-01 03:59:13] INFO: Fetched (200) <GET https://wuzzuf.net/jobs/p/foiixa97sy1a-data-science-manger-technosat-cairo-egypt> (referer: https://www.google.com/search?q=wuzzuf)
[2026-05-01 03:59:13] INFO: Fetched (200) <GET https://wuzzuf.net/jobs/p/wzb5uwsxpxvm-industrial-engineer-midea-group-monufya-egypt> (referer: https://www.google.com/search?q=wuzzuf)
[2026-05-01 03:59:14] INFO: Fetched (200) <GET https://wuzzuf.net/jobs/p/ijwemksipoza-field-engineer-alexandria-egypt> (referer: https://www.google.com/search?q=wuzzuf)
[2026-05-01 03:59:14] INFO: Fetched (200) <GET https://wuzzuf.net/jobs/p/zjhobauyardw-security-engineer-misr-international-systems-giza-egypt> (referer: https://www.google.com/search?q=wuzzuf)
[2026-05-01 03:59:15] INFO: Fetched (200) <GET https://wuzzuf.net/jobs/p/asblmg4mgizs-quality-control-engineer-abou-seif-group-cairo-egypt> (referer: https://www.google.com/search?q=wuzzuf)
[2026-05-01 03:59:15] INFO: Fetched (200) <GET https://wuzzuf.net/jobs/p/30dp6i5j8otu-cost-control-engineer-mfo-for-contracting-giza-egypt> (referer: https://www.google.com/search?q=wuzzuf)
[2026-05-01 03:59:16] INFO: Fetched (200) <GET https://wuzzuf.net/jobs/p/ealxlqic94sv-planning-engineer-green-river-for-urban-development-cairo-egypt> (referer: https://www.google.com/search?q=wuzzuf)
[2026-05-01 03:59:16] INFO: Fetched (200) <GET https://wuzzuf.net/jobs/p/zj03nnwqsfof-purchasing-supervisor-engineer-ship-c-r-e-w-alexandria-egypt> (referer: https://www.google.com/search?q=wuzzuf)
[2026-05-01 03:59:17] INFO: Fetched (200) <GET https://wuzzuf.net/jobs/p/s7uloeeg1qxy-qs-engineer-concrete-plus-cairo-egypt> (referer: https://www.google.com/search?q=wuzzuf)
[2026-05-01 03:59:20] INFO: Fetched (200) <GET https://wuzzuf.net/search/jobs/?q=data+engineer&start=1> (referer: https://www.google.com/search?q=wuzzuf)
[2026-05-01 03:59:21] INFO: Fetched (200) <GET https://wuzzuf.net/jobs/p/oi2e0hcm9gmc-senior-electrical-procurement-engineer-concrete-plus-cairo-egypt> (referer: https://www.google.com/search?q=wuzzuf)
[2026-05-01 03:59:21] INFO: Fetched (200) <GET https://wuzzuf.net/jobs/p/zl1tlcwdq9wm-senior-storage-backup-engineer-anzemah-giza-egypt> (referer: https://www.google.com/search?q=wuzzuf)
[2026-05-01 03:59:21] INFO: Fetched (200) <GET https://wuzzuf.net/jobs/p/bl1q5hs5faeq-business-intelligence-engineer-sql-python-riseup-endemag-for-administrative-skills-development-cairo-egypt> (referer: https://www.google.com/search?q=wuzzuf)
[2026-05-01 03:59:23] INFO: Fetched (200) <GET https://wuzzuf.net/jobs/p/huigjwnrrssg-mongodb-engineer-soulco-cairo-egypt> (referer: https://www.google.com/search?q=wuzzuf)
[2026-05-01 03:59:23] INFO: Fetched (200) <GET https://wuzzuf.net/jobs/p/laprqjalr4h6-senior-security-engineer-security-team-lead-anzemah-giza-egypt> (referer: https://www.google.com/search?q=wuzzuf)
[2026-05-01 03:59:23] INFO: Fetched (200) <GET https://wuzzuf.net/jobs/p/ixh5hukifyyc-ai-engineer-giza-egypt> (referer: https://www.google.com/search?q=wuzzuf)
[2026-05-01 03:59:25] INFO: Fetched (200) <GET https://wuzzuf.net/jobs/p/lu2d0irmkyny-production-engineer-el-obour-for-paper-production-cairo-egypt> (referer: https://www.google.com/search?q=wuzzuf)
[2026-05-01 03:59:25] INFO: Fetched (200) <GET https://wuzzuf.net/jobs/p/pp6xjkv02hyk-it-engineer-musandah-fm-cairo-egypt> (referer: https://www.google.com/search?q=wuzzuf)
[2026-05-01 03:59:25] INFO: Fetched (200) <GET https://wuzzuf.net/jobs/p/wobpk6dqvtvq-cost-estimation-engineer-procurement-aswaq-cairo-egypt> (referer: https://www.google.com/search?q=wuzzuf)
[2026-05-01 03:59:26] INFO: Fetched (200) <GET https://wuzzuf.net/jobs/p/4btyvccc9toh-traffic-engineer-seero-cairo-egypt> (referer: https://www.google.com/search?q=wuzzuf)
[2026-05-01 03:59:26] INFO: Fetched (200) <GET https://wuzzuf.net/jobs/p/0jlu7uzk7kis-ai-engineer-cairo-egypt> (referer: https://www.google.com/search?q=wuzzuf)
[2026-05-01 03:59:26] INFO: Fetched (200) <GET https://wuzzuf.net/jobs/p/novce4xad1pv-senior-sales-engineer-mobi-egypt-cairo-egypt> (referer: https://www.google.com/search?q=wuzzuf)
[2026-05-01 03:59:28] INFO: Fetched (200) <GET https://wuzzuf.net/jobs/p/x8tb3ijdep9x-senior-sales-engineer-data-centers-mission-critical-infrastructure-mobi-egypt-cairo-egypt> (referer: https://www.google.com/search?q=wuzzuf)
[2026-05-01 03:59:28] INFO: Fetched (200) <GET https://wuzzuf.net/jobs/p/4foi9uwgik5k-splunk-administrator-engineer-digital-cloud-for-technology-and-cybersecurity-cairo-egypt> (referer: https://www.google.com/search?q=wuzzuf)
[2026-05-01 03:59:28] INFO: Fetched (200) <GET https://wuzzuf.net/jobs/p/ng7jqijknicw-mechanical-production-engineer-ilock-dakahlia-egypt> (referer: https://www.google.com/search?q=wuzzuf)
[2026-05-01 03:59:31] INFO: Fetched (200) <GET https://wuzzuf.net/search/jobs/?q=data+engineer&start=2> (referer: https://www.google.com/search?q=wuzzuf)
[2026-05-01 03:59:33] INFO: Fetched (200) <GET https://wuzzuf.net/jobs/p/hif824t4axxr-data-scientist-and-machine-learning-engineer-applied-ai-knowledge-sharing-epsilonai-cairo-egypt> (referer: https://www.google.com/search?q=wuzzuf)
[2026-05-01 03:59:33] INFO: Fetched (200) <GET https://wuzzuf.net/jobs/p/weahg2vayiqc-senior-structural-engineer-main-marks-cairo-egypt> (referer: https://www.google.com/search?q=wuzzuf)
[2026-05-01 03:59:33] INFO: Fetched (200) <GET https://wuzzuf.net/jobs/p/f3m2lngfgurm-material-engineer-control-doosan-enerbility-co-ltd-matruh-egypt> (referer: https://www.google.com/search?q=wuzzuf)
[2026-05-01 03:59:34] INFO: Fetched (200) <GET https://wuzzuf.net/jobs/p/jkvkbo0qfay3-principal-or-engineer-optimization-decision-intelligence-makkook-ai-cairo-egypt> (referer: https://www.google.com/search?q=wuzzuf)
[2026-05-01 03:59:34] INFO: Fetched (200) <GET https://wuzzuf.net/jobs/p/r1yxretv7hyo-ai-data-science-engineer-raya-distribution-cairo-egypt> (referer: https://www.google.com/search?q=wuzzuf)
[2026-05-01 03:59:35] INFO: Fetched (200) <GET https://wuzzuf.net/jobs/p/66hyflpksrub-management-trainee-cross-functional-development-hirdaramani-apparel-manufacturing-llc-ismailia-egypt> (referer: https://www.google.com/search?q=wuzzuf)
[2026-05-01 03:59:35] INFO: Fetched (200) <GET https://wuzzuf.net/jobs/p/blw05eff3bwj-project-control-team-leader-core-construction-and-finishing-egypt-cairo-egypt> (referer: https://www.google.com/search?q=wuzzuf)
[2026-05-01 03:59:36] INFO: Fetched (200) <GET https://wuzzuf.net/jobs/p/msaa3ikxvi5u-production-engineer-sheet-metal-fabrication-arcelormittal-egypt-cairo-egypt> (referer: https://www.google.com/search?q=wuzzuf)
[2026-05-01 03:59:36] INFO: Fetched (200) <GET https://wuzzuf.net/jobs/p/ofhmd3z5cusy-lab-section-head-fridal-giza-egypt> (referer: https://www.google.com/search?q=wuzzuf)
[2026-05-01 03:59:36] INFO: Fetched (200) <GET https://wuzzuf.net/jobs/p/zbi0utbpnptl-agricultural-engineer-fruits-vegetables-global-zone-link-cairo-egypt> (referer: https://www.google.com/search?q=wuzzuf)
[2026-05-01 03:59:37] INFO: Fetched (200) <GET https://wuzzuf.net/jobs/p/zswfgfcppaym-ai-engineer-llm-ai-applications-exab-cairo-egypt> (referer: https://www.google.com/search?q=wuzzuf)
[2026-05-01 03:59:37] INFO: Fetched (200) <GET https://wuzzuf.net/jobs/p/cdfbtw6tinq2-product-manager-3d-diagnostix-cairo-egypt> (referer: https://www.google.com/search?q=wuzzuf)
[2026-05-01 03:59:39] INFO: Fetched (200) <GET https://wuzzuf.net/search/jobs/?q=data+scientist&start=0> (referer: https://www.google.com/search?q=wuzzuf)
[2026-05-01 03:59:41] INFO: Fetched (200) <GET https://wuzzuf.net/jobs/p/ytubatrtqqp2-middle-data-scientist-vertex-technologies-cairo-egypt> (referer: https://www.google.com/search?q=wuzzuf)
[2026-05-01 03:59:42] INFO: Fetched (200) <GET https://wuzzuf.net/jobs/p/8zkocqwyusni-senior-data-scientist-vertex-technologies-cairo-egypt> (referer: https://www.google.com/search?q=wuzzuf)
[2026-05-01 03:59:43] INFO: Fetched (200) <GET https://wuzzuf.net/jobs/p/o1a7fazksizo-senior-data-scientist-egabi-fsi-cairo-egypt> (referer: https://www.google.com/search?q=wuzzuf)
[2026-05-01 03:59:43] INFO: Fetched (200) <GET https://wuzzuf.net/jobs/p/0wrf1ytikdl3-data-scientist-aman-cairo-egypt> (referer: https://www.google.com/search?q=wuzzuf)
[2026-05-01 03:59:44] INFO: Fetched (200) <GET https://wuzzuf.net/jobs/p/aowmuhhmsxkw-senior-data-science-specialist-technosat-cairo-egypt> (referer: https://www.google.com/search?q=wuzzuf)
[2026-05-01 03:59:44] INFO: Fetched (200) <GET https://wuzzuf.net/jobs/p/3nxfxehuabdu-data-science-team-lead-technosat-cairo-egypt> (referer: https://www.google.com/search?q=wuzzuf)
[2026-05-01 03:59:45] INFO: Fetched (200) <GET https://wuzzuf.net/jobs/p/peu27exkdil2-rd-methodology-senior-specialist-global-napi-pharmaceuticals-giza-egypt> (referer: https://www.google.com/search?q=wuzzuf)
[2026-05-01 03:59:45] INFO: Fetched (200) <GET https://wuzzuf.net/jobs/p/xvz7wojwcxo4-ai-developer-outsource-prometeon-tyres-group-egypt-alexandria-egypt> (referer: https://www.google.com/search?q=wuzzuf)
[2026-05-01 03:59:48] INFO: Fetched (200) <GET https://wuzzuf.net/search/jobs/?q=data+scientist&start=1> (referer: https://www.google.com/search?q=wuzzuf)
[2026-05-01 03:59:49] INFO: Fetched (200) <GET https://wuzzuf.net/search/jobs/?q=data+analyst&start=0> (referer: https://www.google.com/search?q=wuzzuf)
[2026-05-01 03:59:51] INFO: Fetched (200) <GET https://wuzzuf.net/jobs/p/6357bgijgsem-sales-marketing-data-analyst-gps-cairo-egypt> (referer: https://www.google.com/search?q=wuzzuf)
[2026-05-01 03:59:51] INFO: Fetched (200) <GET https://wuzzuf.net/jobs/p/485eob7kytt8-data-analyst-sprix-cairo-egypt> (referer: https://www.google.com/search?q=wuzzuf)
[2026-05-01 03:59:51] INFO: Fetched (200) <GET https://wuzzuf.net/jobs/p/fzv9lnkvfsdn-data-analyst-zinoxmaster-cairo-egypt> (referer: https://www.google.com/search?q=wuzzuf)
[2026-05-01 03:59:53] INFO: Fetched (200) <GET https://wuzzuf.net/jobs/p/1olcfgmk0m3l-medical-canvassing-analyst-cairo-egypt> (referer: https://www.google.com/search?q=wuzzuf)
[2026-05-01 03:59:53] INFO: Fetched (200) <GET https://wuzzuf.net/jobs/p/xisk1v9zxbg0-data-analyst-misratah-libya> (referer: https://www.google.com/search?q=wuzzuf)
[2026-05-01 03:59:53] INFO: Fetched (200) <GET https://wuzzuf.net/jobs/p/swjo9ibpajco-supply-chain-data-analyst-dora-management-solutions-cairo-egypt> (referer: https://www.google.com/search?q=wuzzuf)
[2026-05-01 03:59:56] INFO: Fetched (200) <GET https://wuzzuf.net/jobs/p/w0tmvmeiewy6-senior-financial-analyst-roya-developments-cairo-egypt> (referer: https://www.google.com/search?q=wuzzuf)
[2026-05-01 03:59:57] INFO: Fetched (200) <GET https://wuzzuf.net/jobs/p/pnvpraw6rzge-financial-analyst-zworld-holding-cairo-egypt> (referer: https://www.google.com/search?q=wuzzuf)
[2026-05-01 03:59:57] INFO: Fetched (200) <GET https://wuzzuf.net/jobs/p/bso3duwapqrj-financial-analyst-lotus-for-food-industries-giza-egypt> (referer: https://www.google.com/search?q=wuzzuf)
[2026-05-01 03:59:58] INFO: Fetched (200) <GET https://wuzzuf.net/jobs/p/7soqc4iudasl-retail-performance-analyst-fashion-retail-dockland-clothing-company-cairo-egypt> (referer: https://www.google.com/search?q=wuzzuf)
[2026-05-01 03:59:58] INFO: Fetched (200) <GET https://wuzzuf.net/jobs/p/87gum36mxt9q-business-analyst-assiut-informatique-education-assiut-egypt> (referer: https://www.google.com/search?q=wuzzuf)
[2026-05-01 03:59:59] INFO: Fetched (200) <GET https://wuzzuf.net/jobs/p/rfahe6atbsw0-data-analyst-ibn-sina-pharma-cairo-egypt> (referer: https://www.google.com/search?q=wuzzuf)
[2026-05-01 03:59:59] INFO: Fetched (200) <GET https://wuzzuf.net/jobs/p/kc0pb9zirkdm-senior-treasury-analyst-al-ahly-capital-holding-al-ahly-tamkeen-cairo-egypt> (referer: https://www.google.com/search?q=wuzzuf)
[2026-05-01 04:00:00] INFO: Fetched (200) <GET https://wuzzuf.net/jobs/p/xiclpsglupxt-mis-data-analyst-gold-era-cairo-egypt> (referer: https://www.google.com/search?q=wuzzuf)
[2026-05-01 04:00:03] INFO: Fetched (200) <GET https://wuzzuf.net/search/jobs/?q=data+analyst&start=1> (referer: https://www.google.com/search?q=wuzzuf)
[2026-05-01 04:00:05] INFO: Fetched (200) <GET https://wuzzuf.net/jobs/p/d6wrnnj6ofcu-data-analyst-analytics-knowledge-delivery-epsilonai-cairo-egypt> (referer: https://www.google.com/search?q=wuzzuf)
[2026-05-01 04:00:05] INFO: Fetched (200) <GET https://wuzzuf.net/jobs/p/rv9cja0njfqe-sales-analyst-al-nada-mills-cairo-egypt> (referer: https://www.google.com/search?q=wuzzuf)
[2026-05-01 04:00:06] INFO: Fetched (200) <GET https://wuzzuf.net/jobs/p/613uaj8nbpfw-financial-planning-analyst-tamweely-cairo-egypt> (referer: https://www.google.com/search?q=wuzzuf)
[2026-05-01 04:00:06] INFO: Fetched (200) <GET https://wuzzuf.net/jobs/p/1ydyska6vimm-development-analyst-business-analyst-giza-egypt> (referer: https://www.google.com/search?q=wuzzuf)
[2026-05-01 04:00:07] INFO: Fetched (200) <GET https://wuzzuf.net/jobs/p/oj7bj4jchiwo-financial-analyst-willys-kitchen-egypt-cairo-egypt> (referer: https://www.google.com/search?q=wuzzuf)
[2026-05-01 04:00:07] INFO: Fetched (200) <GET https://wuzzuf.net/jobs/p/sryjgwe6rblp-sales-operations-analyst-the-address-investments-for-real-estate-consultancy-cairo-egypt> (referer: https://www.google.com/search?q=wuzzuf)
[2026-05-01 04:00:08] INFO: Fetched (200) <GET https://wuzzuf.net/jobs/p/pt8vw0hn23aw-data-analyst-national-technology-group-giza-egypt> (referer: https://www.google.com/search?q=wuzzuf)
[2026-05-01 04:00:08] INFO: Fetched (200) <GET https://wuzzuf.net/jobs/p/zav5d9coyr5v-procurement-analyst-guillam-alexandria-egypt> (referer: https://www.google.com/search?q=wuzzuf)
[2026-05-01 04:00:08] INFO: Fetched (200) <GET https://wuzzuf.net/jobs/p/nbvywszbdwea-accounting-analyst-frutal-for-food-industries-cairo-egypt> (referer: https://www.google.com/search?q=wuzzuf)
[2026-05-01 04:00:09] INFO: Fetched (200) <GET https://wuzzuf.net/jobs/p/qvocbe4bzb5p-research-analyst-idealratings-cairo-egypt> (referer: https://www.google.com/search?q=wuzzuf)
[2026-05-01 04:00:09] INFO: Fetched (200) <GET https://wuzzuf.net/jobs/p/nj3rav1lsoe0-process-analyst-riseup-endemag-for-administrative-skills-development-cairo-egypt> (referer: https://www.google.com/search?q=wuzzuf)
[2026-05-01 04:00:10] INFO: Fetched (200) <GET https://wuzzuf.net/jobs/p/anwijk5z59um-professional-methodology-analyst-apex-pharma-cairo-egypt> (referer: https://www.google.com/search?q=wuzzuf)
[2026-05-01 04:00:11] INFO: Fetched (200) <GET https://wuzzuf.net/jobs/p/yg1lvbhbvs2r-senior-investment-analyst-igi-group-giza-egypt> (referer: https://www.google.com/search?q=wuzzuf)
[2026-05-01 04:00:11] INFO: Fetched (200) <GET https://wuzzuf.net/jobs/p/hhurhxhlubmp-qc-professional-finished-product-analyst-apex-pharma-cairo-egypt> (referer: https://www.google.com/search?q=wuzzuf)
[2026-05-01 04:00:15] INFO: Fetched (200) <GET https://wuzzuf.net/search/jobs/?q=data+analyst&start=2> (referer: https://www.google.com/search?q=wuzzuf)
[2026-05-01 04:00:16] INFO: Fetched (200) <GET https://wuzzuf.net/jobs/p/dnph9znjld1g-economic-research-analyst-itida-giza-egypt> (referer: https://www.google.com/search?q=wuzzuf)
[2026-05-01 04:00:16] INFO: Fetched (200) <GET https://wuzzuf.net/jobs/p/au4yimf7xeg3-mis-risk-analyst-al-ahly-capital-holding-al-ahly-tamkeen-cairo-egypt> (referer: https://www.google.com/search?q=wuzzuf)
[2026-05-01 04:00:16] INFO: Fetched (200) <GET https://wuzzuf.net/jobs/p/nasbnwgpsyej-fp-a-analyst-senior-analyst-dabur-cairo-egypt> (referer: https://www.google.com/search?q=wuzzuf)
[2026-05-01 04:00:18] INFO: Fetched (200) <GET https://wuzzuf.net/jobs/p/wrstkndaeihi-cost-accountant-gb-corp-cairo-egypt> (referer: https://www.google.com/search?q=wuzzuf)
[2026-05-01 04:00:19] INFO: Fetched (200) <GET https://wuzzuf.net/jobs/p/iqofronbfx3c-it-business-analyst-manager-aec-dewan-architects-and-engineers-cairo-egypt> (referer: https://www.google.com/search?q=wuzzuf)
[2026-05-01 04:00:19] INFO: Fetched (200) <GET https://wuzzuf.net/jobs/p/bitqm8zumo4t-budgeting-reporting-analyst-fmcgretail-bim-stores-giza-egypt> (referer: https://www.google.com/search?q=wuzzuf)
[2026-05-01 04:00:20] INFO: Fetched (200) <GET https://wuzzuf.net/jobs/p/qc28xcdl3hke-development-and-pricing-analyst-real-estate-upwyde-cairo-egypt> (referer: https://www.google.com/search?q=wuzzuf)
[2026-05-01 04:00:21] INFO: Fetched (200) <GET https://wuzzuf.net/jobs/p/bq21nx4azucw-marketing-brand-analyst-my-way-cairo-egypt> (referer: https://www.google.com/search?q=wuzzuf)
[2026-05-01 04:00:21] INFO: Fetched (200) <GET https://wuzzuf.net/jobs/p/dyghrjhuwz0a-senior-fpa-analyst-transmar-international-cairo-egypt> (referer: https://www.google.com/search?q=wuzzuf)
[2026-05-01 04:00:22] INFO: Fetched (200) <GET https://wuzzuf.net/jobs/p/a9wbmkxkncnc-software-business-analyst-project-manager-ebseg-cairo-egypt> (referer: https://www.google.com/search?q=wuzzuf)
[2026-05-01 04:00:22] INFO: Fetched (200) <GET https://wuzzuf.net/jobs/p/qs26cvsh4yyk-data-governance-data-management-architect-advanced-control-giza-egypt> (referer: https://www.google.com/search?q=wuzzuf)
[2026-05-01 04:00:24] INFO: Fetched (200) <GET https://wuzzuf.net/search/jobs/?q=ai+engineer&start=0> (referer: https://www.google.com/search?q=wuzzuf)
[2026-05-01 04:00:25] INFO: Fetched (200) <GET https://wuzzuf.net/jobs/p/eljp70hqakkh-ai-engineer-pro-engineering-hawally-kuwait> (referer: https://www.google.com/search?q=wuzzuf)
[2026-05-01 04:00:26] INFO: Fetched (200) <GET https://wuzzuf.net/jobs/p/5jjtagirhk4t-ai-engineer-cairo-egypt> (referer: https://www.google.com/search?q=wuzzuf)
[2026-05-01 04:00:26] INFO: Fetched (200) <GET https://wuzzuf.net/jobs/p/9usjkdrrogts-senior-ai-engineer-fixed-solutions-cairo-egypt> (referer: https://www.google.com/search?q=wuzzuf)
[2026-05-01 04:00:27] INFO: Fetched (200) <GET https://wuzzuf.net/jobs/p/e3sv68tqkom1-ai-automation-systems-engineer-big-life-journal-cairo-egypt> (referer: https://www.google.com/search?q=wuzzuf)
[2026-05-01 04:00:27] INFO: Fetched (200) <GET https://wuzzuf.net/jobs/p/jnb8wlrudou3-senior-ai-engineer-llm-rag-ai-systems-for-cx-enterprise-solutions-cairo-egypt> (referer: https://www.google.com/search?q=wuzzuf)
[2026-05-01 04:00:27] INFO: Fetched (200) <GET https://wuzzuf.net/jobs/p/w0bib0poknfj-ai-engineer-computer-vision-speech-nlp-generative-ai-madar-soft-alexandria-egypt> (referer: https://www.google.com/search?q=wuzzuf)
[2026-05-01 04:00:28] INFO: Fetched (200) <GET https://wuzzuf.net/jobs/p/1bewjc5z6vkh-lead-ai-systems-architect-automation-head-storpros-san-jose-united-states> (referer: https://www.google.com/search?q=wuzzuf)
[2026-05-01 04:00:32] INFO: Fetched (200) <GET https://wuzzuf.net/search/jobs/?q=ai+engineer&start=1> (referer: https://www.google.com/search?q=wuzzuf)
[2026-05-01 04:00:33] INFO: Fetched (302) <GET https://wuzzuf.net/saudi/jobs/p/qkl1w7er2pcn-mhnds-maamary-riyadh-saudi-arabia> (referer: https://www.google.com/search?q=wuzzuf)
[2026-05-01 04:00:33] INFO: Fetched (200) <GET https://wuzzuf.net/ar/saudi/jobs/p/qkl1w7er2pcn-mhnds-maamary-riyadh-saudi-arabia> (referer: https://www.google.com/search?q=wuzzuf)
[2026-05-01 04:00:33] INFO: Fetched (200) <GET https://wuzzuf.net/jobs/p/ntevtewhx4u1-senior-react-native-developer-ai-augmented-gigsa-cairo-egypt> (referer: https://www.google.com/search?q=wuzzuf)
[2026-05-01 04:00:34] INFO: Fetched (200) <GET https://wuzzuf.net/jobs/p/fl1mprvnjpjx-marketing-growth-specialist-ai-focus-exodia-ai-technologies-cairo-egypt> (referer: https://www.google.com/search?q=wuzzuf)
[2026-05-01 04:00:35] INFO: Fetched (200) <GET https://wuzzuf.net/jobs/p/jj8k4bk7jr6m-junior-ai-automation-specialist-whatsapp-business-automation-remote-queens-wear-cairo-egypt> (referer: https://www.google.com/search?q=wuzzuf)
[2026-05-01 04:00:35] INFO: Fetched (200) <GET https://wuzzuf.net/jobs/p/xsl2ftrivhne-ai-developer-python-midlevel-afaqy-cairo-egypt> (referer: https://www.google.com/search?q=wuzzuf)
[2026-05-01 04:00:35] INFO: Fetched (200) <GET https://wuzzuf.net/jobs/p/kt4ctapigcdw-cost-manager-growxcel-giza-egypt> (referer: https://www.google.com/search?q=wuzzuf)
[2026-05-01 04:00:36] INFO: Fetched (200) <GET https://wuzzuf.net/jobs/p/leyiu40gcoeo-ai-data-automation-lead-al-monairy-sharqia-egypt> (referer: https://www.google.com/search?q=wuzzuf)
[2026-05-01 04:00:36] INFO: Fetched (200) <GET https://wuzzuf.net/jobs/p/s78nlawkn5dh-social-media-specialist-ikk-group-kcg-abuild-cairo-egypt> (referer: https://www.google.com/search?q=wuzzuf)
[2026-05-01 04:00:40] INFO: Fetched (200) <GET https://wuzzuf.net/search/jobs/?q=ai+engineer&start=2> (referer: https://www.google.com/search?q=wuzzuf)
[2026-05-01 04:00:41] INFO: Fetched (200) <GET https://wuzzuf.net/jobs/p/tfr7jvonmu5e-operation-engineer-assistant-riseup-endemag-for-administrative-skills-development-cairo-egypt> (referer: https://www.google.com/search?q=wuzzuf)
[2026-05-01 04:00:41] INFO: Fetched (200) <GET https://wuzzuf.net/jobs/p/70opgxtaadft-executive-assistant-porchlight-app-salt-lake-city-united-states> (referer: https://www.google.com/search?q=wuzzuf)
[2026-05-01 04:00:41] INFO: Fetched (200) <GET https://wuzzuf.net/jobs/p/qrgxmsd0l1ws-business-intelligence-engineer-riseup-endemag-for-administrative-skills-development-cairo-egypt> (referer: https://www.google.com/search?q=wuzzuf)
[2026-05-01 04:00:42] INFO: Fetched (200) <GET https://wuzzuf.net/jobs/p/mawazkqhvvxz-supply-chain-manager-cairo-egypt> (referer: https://www.google.com/search?q=wuzzuf)
[2026-05-01 04:00:43] INFO: Fetched (200) <GET https://wuzzuf.net/jobs/p/0kvgq7bbtvmc-junior-automation-qa-engineer-vertex-technologies-cairo-egypt> (referer: https://www.google.com/search?q=wuzzuf)
[2026-05-01 04:00:43] INFO: Fetched (200) <GET https://wuzzuf.net/jobs/p/zutlcj3wsfms-development-engineer-stm-cairo-egypt> (referer: https://www.google.com/search?q=wuzzuf)
[2026-05-01 04:00:44] INFO: Fetched (200) <GET https://wuzzuf.net/jobs/p/ffec3sttm2ow-content-creator-strategic-narrative-stradigimc-cairo-egypt> (referer: https://www.google.com/search?q=wuzzuf)
[2026-05-01 04:00:44] INFO: Fetched (200) <GET https://wuzzuf.net/jobs/p/ddsix0uvbgv8-architectural-designer-cairo-egypt> (referer: https://www.google.com/search?q=wuzzuf)
[2026-05-01 04:00:45] INFO: Fetched (200) <GET https://wuzzuf.net/search/jobs/?q=machine+learning+engineer&start=0> (referer: https://www.google.com/search?q=wuzzuf)
[2026-05-01 04:00:46] INFO: Fetched (200) <GET https://wuzzuf.net/jobs/p/hegio87cmbgl-pavement-assessment-engineer-citylogix-me-cairo-egypt> (referer: https://www.google.com/search?q=wuzzuf)
[2026-05-01 04:00:47] INFO: Fetched (200) <GET https://wuzzuf.net/jobs/p/vigld7sy9olr-technical-sales-engineer-sidhom-printing-solutions-cairo-egypt> (referer: https://www.google.com/search?q=wuzzuf)
[2026-05-01 04:00:50] INFO: Fetched (200) <GET https://wuzzuf.net/search/jobs/?q=machine+learning+engineer&start=1> (referer: https://www.google.com/search?q=wuzzuf)
[2026-05-01 04:00:51] INFO: Fetched (200) <GET https://wuzzuf.net/jobs/p/wxhknc74ttic-automation-engineer-groupe-atlantic-cairo-egypt> (referer: https://www.google.com/search?q=wuzzuf)
[2026-05-01 04:00:52] INFO: Fetched (200) <GET https://wuzzuf.net/jobs/p/gmnypw4uyn5z-sales-engineer-automation-rms-giza-egypt> (referer: https://www.google.com/search?q=wuzzuf)
[2026-05-01 04:00:52] INFO: Fetched (200) <GET https://wuzzuf.net/jobs/p/ff5fpm2ssx1y-associate-technical-sales-engineer-rms-giza-egypt> (referer: https://www.google.com/search?q=wuzzuf)
[2026-05-01 04:00:52] INFO: Fetched (200) <GET https://wuzzuf.net/jobs/p/uusoe8wzc6ov-middle-automation-qa-engineer-vertex-technologies-cairo-egypt> (referer: https://www.google.com/search?q=wuzzuf)
[2026-05-01 04:00:53] INFO: Fetched (200) <GET https://wuzzuf.net/jobs/p/fjjxhm9qrq1a-junior-gis-technician-citylogix-me-cairo-egypt> (referer: https://www.google.com/search?q=wuzzuf)
[2026-05-01 04:00:53] INFO: Fetched (200) <GET https://wuzzuf.net/jobs/p/4w0jegr1l0rx-senior-demand-planning-icon-holding-cairo-egypt> (referer: https://www.google.com/search?q=wuzzuf)
[2026-05-01 04:00:56] INFO: Fetched (200) <GET https://wuzzuf.net/search/jobs/?q=machine+learning+engineer&start=2> (referer: https://www.google.com/search?q=wuzzuf)
[2026-05-01 04:01:00] INFO: Fetched (200) <GET https://wuzzuf.net/search/jobs/?q=qa+engineer&start=0> (referer: https://www.google.com/search?q=wuzzuf)
[2026-05-01 04:01:01] INFO: Fetched (200) <GET https://wuzzuf.net/jobs/p/zkuwzvpjl4ga-qa-engineer-neric-port-said-egypt> (referer: https://www.google.com/search?q=wuzzuf)
[2026-05-01 04:01:01] INFO: Fetched (200) <GET https://wuzzuf.net/jobs/p/e25of4jboe2r-trainee-automation-qa-engineer-vertex-technologies-cairo-egypt> (referer: https://www.google.com/search?q=wuzzuf)
[2026-05-01 04:01:01] INFO: Fetched (200) <GET https://wuzzuf.net/jobs/p/wmksiiulz4fz-qaqc-team-leader-national-pipe-company-cairo-egypt> (referer: https://www.google.com/search?q=wuzzuf)
[2026-05-01 04:01:03] INFO: Fetched (200) <GET https://wuzzuf.net/jobs/p/c6jybhryy3ds-qa-qc-engineer-ece-cairo-egypt> (referer: https://www.google.com/search?q=wuzzuf)
[2026-05-01 04:01:03] INFO: Fetched (200) <GET https://wuzzuf.net/jobs/p/qvq8h58bqj8x-qc-engineer-egic-giza-egypt> (referer: https://www.google.com/search?q=wuzzuf)
[2026-05-01 04:01:03] INFO: Fetched (200) <GET https://wuzzuf.net/jobs/p/2utn435bzwbm-quality-assurance-control-engineer-gulsan-egypt-non-woven-industries-giza-egypt> (referer: https://www.google.com/search?q=wuzzuf)
[2026-05-01 04:01:05] INFO: Fetched (200) <GET https://wuzzuf.net/jobs/p/k7ksrusk81yh-quality-assurance-section-head-amreyah-cement-alexandria-egypt> (referer: https://www.google.com/search?q=wuzzuf)
[2026-05-01 04:01:05] INFO: Fetched (200) <GET https://wuzzuf.net/jobs/p/jubnityxfs8a-technical-office-quality-control-manager-architecture-ems-solutions-giza-egypt> (referer: https://www.google.com/search?q=wuzzuf)
[2026-05-01 04:01:05] INFO: Fetched (200) <GET https://wuzzuf.net/jobs/p/fjrxomyhiy5n-qa-qc-engineer-glassrock-insulation-co-monufya-egypt> (referer: https://www.google.com/search?q=wuzzuf)
[2026-05-01 04:01:06] INFO: Fetched (200) <GET https://wuzzuf.net/jobs/p/ok8hulxlayf6-team-leader-site-engineer-aluminum-facade-solutions-alunaut-cairo-egypt> (referer: https://www.google.com/search?q=wuzzuf)
[2026-05-01 04:01:06] INFO: Fetched (200) <GET https://wuzzuf.net/jobs/p/isndrwtncedg-testing-engineer-efada-technology-cairo-egypt> (referer: https://www.google.com/search?q=wuzzuf)
[2026-05-01 04:01:09] INFO: Fetched (200) <GET https://wuzzuf.net/search/jobs/?q=qa+engineer&start=1> (referer: https://www.google.com/search?q=wuzzuf)
[2026-05-01 04:01:11] INFO: Fetched (200) <GET https://wuzzuf.net/jobs/p/fuqfpf39ilgm-quality-assurance-specialist-naguib-selim-cairo-egypt> (referer: https://www.google.com/search?q=wuzzuf)
[2026-05-01 04:01:11] INFO: Fetched (200) <GET https://wuzzuf.net/jobs/p/mm8ismbgxhtc-quality-assurance-food-safety-specialist-mcc-for-confectionery-manufacturing-sharqia-egypt> (referer: https://www.google.com/search?q=wuzzuf)
[2026-05-01 04:01:12] INFO: Fetched (200) <GET https://wuzzuf.net/jobs/p/su03lyrp1q9n-senior-quality-assurance-specialist-naguib-selim-cairo-egypt> (referer: https://www.google.com/search?q=wuzzuf)
[2026-05-01 04:01:12] INFO: Fetched (200) <GET https://wuzzuf.net/jobs/p/6ukv79vejupb-qc-manager-technobit-group-sharqia-egypt> (referer: https://www.google.com/search?q=wuzzuf)
[2026-05-01 04:01:14] INFO: Fetched (200) <GET https://wuzzuf.net/jobs/p/hmhekk5y6lef-quality-assurance-chemist-middle-east-glass-monufya-egypt> (referer: https://www.google.com/search?q=wuzzuf)
[2026-05-01 04:01:14] INFO: Fetched (200) <GET https://wuzzuf.net/jobs/p/gizpmuolgzch-quality-assurance-head-nile-recycling-suez-egypt> (referer: https://www.google.com/search?q=wuzzuf)
[2026-05-01 04:01:15] INFO: Fetched (200) <GET https://wuzzuf.net/jobs/p/qcihliwtitsu-qa-validation-section-head-aug-pharma-giza-egypt> (referer: https://www.google.com/search?q=wuzzuf)
[2026-05-01 04:01:15] INFO: Fetched (200) <GET https://wuzzuf.net/jobs/p/srat7aw8sdea-senior-quality-control-engineer-architectural-projects-house-cairo-egypt> (referer: https://www.google.com/search?q=wuzzuf)
[2026-05-01 04:01:16] INFO: Fetched (200) <GET https://wuzzuf.net/jobs/p/eiquaedtdrhw-quality-assurance-associate-mico-world-limited-cairo-egypt> (referer: https://www.google.com/search?q=wuzzuf)
[2026-05-01 04:01:17] INFO: Fetched (200) <GET https://wuzzuf.net/jobs/p/70wxvnf7con2-project-engineer-irsc-cairo-egypt> (referer: https://www.google.com/search?q=wuzzuf)
[2026-05-01 04:01:17] INFO: Fetched (200) <GET https://wuzzuf.net/jobs/p/hhw6gvpaavoz-quality-assurance-engineer-bedaya-giza-egypt> (referer: https://www.google.com/search?q=wuzzuf)
[2026-05-01 04:01:18] INFO: Fetched (200) <GET https://wuzzuf.net/jobs/p/vdkzjdylvlyt-cost-estimation-engineer-gazala-steel-fabrication-gsf-cairo-egypt> (referer: https://www.google.com/search?q=wuzzuf)
[2026-05-01 04:01:19] INFO: Fetched (200) <GET https://wuzzuf.net/jobs/p/9qwueq9ryflm-powerhouse-maintenance-operation-engineer-savola-alexandria-egypt> (referer: https://www.google.com/search?q=wuzzuf)
[2026-05-01 04:01:19] INFO: Fetched (200) <GET https://wuzzuf.net/jobs/p/cpf3jqfilaym-mechanical-planning-engineer-system-technique-giza-egypt> (referer: https://www.google.com/search?q=wuzzuf)
[2026-05-01 04:01:22] INFO: Fetched (200) <GET https://wuzzuf.net/search/jobs/?q=qa+engineer&start=2> (referer: https://www.google.com/search?q=wuzzuf)
[2026-05-01 04:01:24] INFO: Fetched (200) <GET https://wuzzuf.net/jobs/p/qvcldyzj1v97-quality-control-engineer-contra-pmc-cairo-egypt> (referer: https://www.google.com/search?q=wuzzuf)
[2026-05-01 04:01:24] INFO: Fetched (200) <GET https://wuzzuf.net/jobs/p/b1g6cdpbmshi-manufacturing-site-engineer-civil-egic-giza-egypt> (referer: https://www.google.com/search?q=wuzzuf)
[2026-05-01 04:01:24] INFO: Fetched (200) <GET https://wuzzuf.net/jobs/p/i07mxygohutl-site-civil-engineer-almkaolon-almthdon-llkhdmat-almtkaml-ucis-cairo-egypt> (referer: https://www.google.com/search?q=wuzzuf)
[2026-05-01 04:01:25] INFO: Fetched (200) <GET https://wuzzuf.net/jobs/p/9zxcgwgwfcdt-calibration-and-quality-assurance-specialist-trust-egypt-for-quality-system-cairo-egypt> (referer: https://www.google.com/search?q=wuzzuf)
[2026-05-01 04:01:25] INFO: Fetched (200) <GET https://wuzzuf.net/jobs/p/xkeltqmrgvtf-quality-assurance-engineer-international-co-for-electrical-electronic-industries-electro-george-giza-egypt> (referer: https://www.google.com/search?q=wuzzuf)
[2026-05-01 04:01:26] INFO: Fetched (200) <GET https://wuzzuf.net/jobs/p/tu8vsstj9gzf-quality-assurance-specialist-yes-pac-giza-egypt> (referer: https://www.google.com/search?q=wuzzuf)
[2026-05-01 04:01:27] INFO: Fetched (200) <GET https://wuzzuf.net/jobs/p/sjvksrm754u4-quality-engineer-groupe-atlantic-cairo-egypt> (referer: https://www.google.com/search?q=wuzzuf)
[2026-05-01 04:01:28] INFO: Fetched (200) <GET https://wuzzuf.net/jobs/p/ykxhu7ekq7ku-project-engineer-giza-power-giza-egypt> (referer: https://www.google.com/search?q=wuzzuf)
[2026-05-01 04:01:28] INFO: Fetched (200) <GET https://wuzzuf.net/jobs/p/e8tt8tpa4rii-quality-assurance-specialist-night-shifts-ift-corporation-cairo-egypt> (referer: https://www.google.com/search?q=wuzzuf)
[2026-05-01 04:01:29] INFO: Fetched (200) <GET https://wuzzuf.net/jobs/p/pynsfz1tofrj-senior-technical-office-engineer-tabarak-giza-egypt> (referer: https://www.google.com/search?q=wuzzuf)
[2026-05-01 04:01:29] INFO: Fetched (200) <GET https://wuzzuf.net/jobs/p/c4mhu24yzmzg-mep-mechanical-engineer-bonian-for-constructions-and-investment-dakahlia-egypt> (referer: https://www.google.com/search?q=wuzzuf)
[2026-05-01 04:01:30] INFO: Fetched (200) <GET https://wuzzuf.net/jobs/p/zz804ewrkomt-document-control-manager-ems-solutions-giza-egypt> (referer: https://www.google.com/search?q=wuzzuf)
[2026-05-01 04:01:30] INFO: Fetched (200) <GET https://wuzzuf.net/jobs/p/iqsldpvpsuss-civil-construction-manager-alex-fort-worth-alexandria-egypt> (referer: https://www.google.com/search?q=wuzzuf)
[2026-05-01 04:01:31] INFO: Fetched (200) <GET https://wuzzuf.net/jobs/p/ltqs0uikda3m-quality-control-quality-assurance-manager-qalubia-egypt> (referer: https://www.google.com/search?q=wuzzuf)
[2026-05-01 04:01:32] INFO: Fetched (200) <GET https://wuzzuf.net/search/jobs/?q=test+engineer&start=0> (referer: https://www.google.com/search?q=wuzzuf)
[2026-05-01 04:01:34] INFO: Fetched (200) <GET https://wuzzuf.net/jobs/p/p8wobawdfd7x-hardware-test-engineer-etisal-for-advanced-industries-giza-egypt> (referer: https://www.google.com/search?q=wuzzuf)
[2026-05-01 04:01:34] INFO: Fetched (200) <GET https://wuzzuf.net/jobs/p/tl2yznwhs9jq-quality-control-engineer-manual-automation-testing-mts-it-cairo-egypt> (referer: https://www.google.com/search?q=wuzzuf)
[2026-05-01 04:01:34] INFO: Fetched (200) <GET https://wuzzuf.net/jobs/p/xrt9b2qwmi12-quality-control-engineer-cairo-egypt> (referer: https://www.google.com/search?q=wuzzuf)
[2026-05-01 04:01:35] INFO: Fetched (200) <GET https://wuzzuf.net/jobs/p/gxng9ciimgcp-senior-electrical-bim-design-engineer-adc-architecturedesign-consultants-giza-egypt> (referer: https://www.google.com/search?q=wuzzuf)
[2026-05-01 04:01:35] INFO: Fetched (200) <GET https://wuzzuf.net/jobs/p/cvyhfwrbcxgv-quality-engineer-futec-sharqia-egypt> (referer: https://www.google.com/search?q=wuzzuf)
[2026-05-01 04:01:35] INFO: Fetched (200) <GET https://wuzzuf.net/jobs/p/rectalzl3rxh-senior-qc-engineer-mts-it-cairo-egypt> (referer: https://www.google.com/search?q=wuzzuf)
[2026-05-01 04:01:36] INFO: Fetched (200) <GET https://wuzzuf.net/jobs/p/eedmsddcj0zu-rd-packaging-engineer-evyap-egypt-alexandria-egypt> (referer: https://www.google.com/search?q=wuzzuf)
[2026-05-01 04:01:40] INFO: Fetched (200) <GET https://wuzzuf.net/search/jobs/?q=test+engineer&start=1> (referer: https://www.google.com/search?q=wuzzuf)
[2026-05-01 04:01:41] INFO: Fetched (200) <GET https://wuzzuf.net/jobs/p/vufhsw3qhmbs-rd-specialist-p-vita-giza-egypt> (referer: https://www.google.com/search?q=wuzzuf)
[2026-05-01 04:01:41] INFO: Fetched (200) <GET https://wuzzuf.net/jobs/p/ri83shnqt4vp-electrical-maintenance-engineer-farm-fresh-alexandria-egypt> (referer: https://www.google.com/search?q=wuzzuf)
[2026-05-01 04:01:41] INFO: Fetched (200) <GET https://wuzzuf.net/jobs/p/tfw2uimssgm2-electrical-engineering-manager-automotive-cairo-egypt> (referer: https://www.google.com/search?q=wuzzuf)
[2026-05-01 04:01:43] INFO: Fetched (200) <GET https://wuzzuf.net/jobs/p/wnivckcf1ryg-technical-recruiter-technical-software-engineer-hiring-candidate-evaluation-agency-cairo-egypt> (referer: https://www.google.com/search?q=wuzzuf)
[2026-05-01 04:01:43] INFO: Fetched (200) <GET https://wuzzuf.net/jobs/p/mqnkiyrijzzr-automation-software-quality-control-engineer-giza-egypt> (referer: https://www.google.com/search?q=wuzzuf)
[2026-05-01 04:01:43] INFO: Fetched (200) <GET https://wuzzuf.net/jobs/p/py1file2a1if-site-engineer-light-current-system-tatas-cairo-egypt> (referer: https://www.google.com/search?q=wuzzuf)
[2026-05-01 04:01:44] INFO: Fetched (200) <GET https://wuzzuf.net/jobs/p/rjcxuxanjlea-electrical-qc-power-engineer-amer-vision-group-cairo-egypt> (referer: https://www.google.com/search?q=wuzzuf)
[2026-05-01 04:01:44] INFO: Fetched (200) <GET https://wuzzuf.net/jobs/p/fcrflkouefps-solar-site-engineer-irsc-cairo-egypt> (referer: https://www.google.com/search?q=wuzzuf)
[2026-05-01 04:01:44] INFO: Fetched (200) <GET https://wuzzuf.net/jobs/p/nwymr7bekewq-electrical-engineer-mcc-for-confectionery-manufacturing-sharqia-egypt> (referer: https://www.google.com/search?q=wuzzuf)
[2026-05-01 04:01:47] INFO: Fetched (200) <GET https://wuzzuf.net/search/jobs/?q=test+engineer&start=2> (referer: https://www.google.com/search?q=wuzzuf)
[2026-05-01 04:01:49] INFO: Fetched (200) <GET https://wuzzuf.net/jobs/p/guuyuzrb6kgi-mechanical-engineer-aga-khan-cultural-services-egypt-akcs-e-cairo-egypt> (referer: https://www.google.com/search?q=wuzzuf)
[2026-05-01 04:01:49] INFO: Fetched (200) <GET https://wuzzuf.net/jobs/p/4ifrb3setqtd-electrical-technical-office-engineer-mig-masrya-international-group-for-engineering-contracting-s-a-e-cairo-egypt> (referer: https://www.google.com/search?q=wuzzuf)
[2026-05-01 04:01:49] INFO: Fetched (200) <GET https://wuzzuf.net/jobs/p/asduawulnh2n-electrical-maintenance-engineer-activa-international-giza-egypt> (referer: https://www.google.com/search?q=wuzzuf)
[2026-05-01 04:01:50] INFO: Fetched (200) <GET https://wuzzuf.net/jobs/p/wsjkzvipsvfv-maintenance-engineer-egybrit-cairo-egypt> (referer: https://www.google.com/search?q=wuzzuf)
[2026-05-01 04:01:50] INFO: Fetched (200) <GET https://wuzzuf.net/jobs/p/xbnd5fwj6pcw-rd-engineer-electrolux-cairo-egypt> (referer: https://www.google.com/search?q=wuzzuf)
[2026-05-01 04:01:51] INFO: Fetched (200) <GET https://wuzzuf.net/jobs/p/20zx1gw70lbd-project-engineer-academia-for-industrial-solutions-cairo-egypt> (referer: https://www.google.com/search?q=wuzzuf)
[2026-05-01 04:01:52] INFO: Fetched (200) <GET https://wuzzuf.net/jobs/p/iiqkd4bkjuye-electromechanical-engineer-cairo-egypt> (referer: https://www.google.com/search?q=wuzzuf)
[2026-05-01 04:01:52] INFO: Fetched (200) <GET https://wuzzuf.net/jobs/p/ketqc9c79haf-electrical-engineer-chloride-giza-egypt> (referer: https://www.google.com/search?q=wuzzuf)
[2026-05-01 04:01:52] INFO: Fetched (200) <GET https://wuzzuf.net/jobs/p/0eibvubxbrko-metallurgical-engineer-nefertari-jm-for-electrical-industries-cairo-egypt> (referer: https://www.google.com/search?q=wuzzuf)
[2026-05-01 04:01:53] INFO: Fetched (200) <GET https://wuzzuf.net/jobs/p/pbjzmbvhjajj-senior-furniture-production-engineer-refaat-construction-baxter-cairo-egypt> (referer: https://www.google.com/search?q=wuzzuf)
[2026-05-01 04:01:54] INFO: Fetched (200) <GET https://wuzzuf.net/search/jobs/?q=ui+ux+designer&start=0> (referer: https://www.google.com/search?q=wuzzuf)
[2026-05-01 04:01:56] INFO: Fetched (200) <GET https://wuzzuf.net/jobs/p/rpecb9psxdym-uiux-designer-istinara-cairo-egypt> (referer: https://www.google.com/search?q=wuzzuf)
[2026-05-01 04:01:56] INFO: Fetched (200) <GET https://wuzzuf.net/jobs/p/0ijgsbgocid6-uiux-product-designer-uk-saas-long-term-remote-gbp-zealous-solutions-ltd-london-united-kingdom> (referer: https://www.google.com/search?q=wuzzuf)
[2026-05-01 04:01:56] INFO: Fetched (200) <GET https://wuzzuf.net/jobs/p/fhdg0omspjh2-senior-ux-ui-designer-growth-horizons-consulting-cairo-egypt> (referer: https://www.google.com/search?q=wuzzuf)
[2026-05-01 04:01:57] INFO: Fetched (200) <GET https://wuzzuf.net/jobs/p/zgywvg6qrfg0-ui-ux-designer-flojics-alexandria-egypt> (referer: https://www.google.com/search?q=wuzzuf)
[2026-05-01 04:01:57] INFO: Fetched (200) <GET https://wuzzuf.net/jobs/p/maktk6ti63t3-senior-ux-designer-link-development-cairo-egypt> (referer: https://www.google.com/search?q=wuzzuf)
[2026-05-01 04:01:58] INFO: Fetched (200) <GET https://wuzzuf.net/jobs/p/kjbuvhoxghoy-graphic-designer-youxel-cairo-egypt> (referer: https://www.google.com/search?q=wuzzuf)
[2026-05-01 04:02:00] INFO: Fetched (200) <GET https://wuzzuf.net/jobs/p/dkofm64lk9bw-creative-lead-brand-content-product-design-saas-remote-contract-cairo-egypt> (referer: https://www.google.com/search?q=wuzzuf)
[2026-05-01 04:02:03] INFO: Fetched (200) <GET https://wuzzuf.net/search/jobs/?q=ui+ux+designer&start=1> (referer: https://www.google.com/search?q=wuzzuf)
[2026-05-01 04:02:05] INFO: Fetched (200) <GET https://wuzzuf.net/jobs/p/pdp9j4udrqfh-graphic-designer-branding-neurix-cairo-egypt> (referer: https://www.google.com/search?q=wuzzuf)
[2026-05-01 04:02:06] INFO: Fetched (200) <GET https://wuzzuf.net/jobs/p/bfrtcgbsk6nv-project-delivery-specialist-web-seo-road9-media-cairo-egypt> (referer: https://www.google.com/search?q=wuzzuf)
[2026-05-01 04:02:06] INFO: Fetched (200) <GET https://wuzzuf.net/jobs/p/hmleba99geb5-graphic-designer-bond-digital-agency-cairo-egypt> (referer: https://www.google.com/search?q=wuzzuf)
[2026-05-01 04:02:07] INFO: Fetched (200) <GET https://wuzzuf.net/jobs/p/uewpmum71v8g-design-thinking-facilitator-cairo-egypt> (referer: https://www.google.com/search?q=wuzzuf)
[2026-05-01 04:02:07] INFO: Fetched (200) <GET https://wuzzuf.net/jobs/p/5wodqw0l8fgl-product-designer-basharsoft-cairo-egypt> (referer: https://www.google.com/search?q=wuzzuf)
[2026-05-01 04:02:10] INFO: Fetched (200) <GET https://wuzzuf.net/search/jobs/?q=ui+ux+designer&start=2> (referer: https://www.google.com/search?q=wuzzuf)
[2026-05-01 04:02:12] INFO: Fetched (200) <GET https://wuzzuf.net/jobs/p/9uptpx3e7dex-magento-developer-raya-distribution-cairo-egypt> (referer: https://www.google.com/search?q=wuzzuf)
[2026-05-01 04:02:13] INFO: Fetched (200) <GET https://wuzzuf.net/search/jobs/?q=engineering+manager&start=0> (referer: https://www.google.com/search?q=wuzzuf)
[2026-05-01 04:02:15] INFO: Fetched (200) <GET https://wuzzuf.net/jobs/p/z58k3g4x2hin-project-engineering-manager-floortec-giza-egypt> (referer: https://www.google.com/search?q=wuzzuf)
[2026-05-01 04:02:15] INFO: Fetched (200) <GET https://wuzzuf.net/jobs/p/e4ps5ulabysi-procurement-engineer-for-facility-management-cairo-egypt> (referer: https://www.google.com/search?q=wuzzuf)
[2026-05-01 04:02:15] INFO: Fetched (200) <GET https://wuzzuf.net/jobs/p/q9auexjmda11-sales-engineersenior-sales-engineerarea-sales-manager-egybrit-cairo-egypt> (referer: https://www.google.com/search?q=wuzzuf)
[2026-05-01 04:02:16] INFO: Fetched (200) <GET https://wuzzuf.net/jobs/p/hdtez8haercv-bim-engineering-manager-alex-fort-worth-alexandria-egypt> (referer: https://www.google.com/search?q=wuzzuf)
[2026-05-01 04:02:16] INFO: Fetched (200) <GET https://wuzzuf.net/jobs/p/9kzedj5tyw8m-engineering-manager-value-path-cairo-egypt> (referer: https://www.google.com/search?q=wuzzuf)
[2026-05-01 04:02:16] INFO: Fetched (200) <GET https://wuzzuf.net/jobs/p/gjda1rolbb3m-project-management-engineer-icon-holding-cairo-egypt> (referer: https://www.google.com/search?q=wuzzuf)
[2026-05-01 04:02:18] INFO: Fetched (200) <GET https://wuzzuf.net/jobs/p/lyeffjrzmzkr-projects-management-officer-non-engineering-dakahlia-group-cairo-egypt> (referer: https://www.google.com/search?q=wuzzuf)
[2026-05-01 04:02:18] INFO: Fetched (200) <GET https://wuzzuf.net/jobs/p/ilsmkjrghi92-planning-engineer-pricon-cairo-egypt> (referer: https://www.google.com/search?q=wuzzuf)
[2026-05-01 04:02:18] INFO: Fetched (200) <GET https://wuzzuf.net/jobs/p/8jqeurllc0oc-production-planning-engineer-egypt-gold-cairo-egypt> (referer: https://www.google.com/search?q=wuzzuf)
[2026-05-01 04:02:19] INFO: Fetched (200) <GET https://wuzzuf.net/jobs/p/dswbh3pfavee-cost-control-engineer-ems-solutions-giza-egypt> (referer: https://www.google.com/search?q=wuzzuf)
[2026-05-01 04:02:19] INFO: Fetched (200) <GET https://wuzzuf.net/jobs/p/u0uwlqfnwpqf-planning-engineer-abu-gemeaa-cairo-egypt> (referer: https://www.google.com/search?q=wuzzuf)
[2026-05-01 04:02:20] INFO: Fetched (200) <GET https://wuzzuf.net/jobs/p/2dym3kicqzgg-planning-engineer-asas-contracting-cairo-egypt> (referer: https://www.google.com/search?q=wuzzuf)
[2026-05-01 04:02:21] INFO: Fetched (200) <GET https://wuzzuf.net/jobs/p/qql8na5rbxp2-projects-coordination-engineer-integrated-facade-solution-cairo-egypt> (referer: https://www.google.com/search?q=wuzzuf)
[2026-05-01 04:02:24] INFO: Fetched (200) <GET https://wuzzuf.net/search/jobs/?q=engineering+manager&start=1> (referer: https://www.google.com/search?q=wuzzuf)
[2026-05-01 04:02:26] INFO: Fetched (200) <GET https://wuzzuf.net/jobs/p/kvz1oinbovex-construction-engineer-giza-egypt> (referer: https://www.google.com/search?q=wuzzuf)
[2026-05-01 04:02:26] INFO: Fetched (200) <GET https://wuzzuf.net/jobs/p/jde8bho2udj6-customer-service-engineer-orouba-misr-alexandria-egypt> (referer: https://www.google.com/search?q=wuzzuf)
[2026-05-01 04:02:26] INFO: Fetched (200) <GET https://wuzzuf.net/jobs/p/ja0724zip1ew-senior-site-engineer-pricon-cairo-egypt> (referer: https://www.google.com/search?q=wuzzuf)
[2026-05-01 04:02:27] INFO: Fetched (200) <GET https://wuzzuf.net/jobs/p/k03jby6ugra7-planning-engineer-red-sea-for-construction-and-development-cairo-egypt> (referer: https://www.google.com/search?q=wuzzuf)
[2026-05-01 04:02:27] INFO: Fetched (200) <GET https://wuzzuf.net/jobs/p/bahh94il2fyz-site-qs-engineer-solar-construction-irsc-cairo-egypt> (referer: https://www.google.com/search?q=wuzzuf)
[2026-05-01 04:02:27] INFO: Fetched (200) <GET https://wuzzuf.net/jobs/p/eobiqpe3kkug-molding-engineer-midea-group-monufya-egypt> (referer: https://www.google.com/search?q=wuzzuf)
[2026-05-01 04:02:29] INFO: Fetched (200) <GET https://wuzzuf.net/jobs/p/4emxs5yiomrq-senior-technical-office-architecture-engineer-gb-corp-giza-egypt> (referer: https://www.google.com/search?q=wuzzuf)
[2026-05-01 04:02:29] INFO: Fetched (200) <GET https://wuzzuf.net/jobs/p/zdjm7szjadjq-civil-design-engineer-alfa-development-cairo-egypt> (referer: https://www.google.com/search?q=wuzzuf)
[2026-05-01 04:02:29] INFO: Fetched (200) <GET https://wuzzuf.net/jobs/p/9ir1mo4aot8i-civil-site-engineer-system-technique-giza-egypt> (referer: https://www.google.com/search?q=wuzzuf)
[2026-05-01 04:02:30] INFO: Fetched (200) <GET https://wuzzuf.net/jobs/p/qv5xrvvzltoe-executive-civil-engineer-beni-suef-egypt> (referer: https://www.google.com/search?q=wuzzuf)
[2026-05-01 04:02:33] INFO: Fetched (200) <GET https://wuzzuf.net/search/jobs/?q=engineering+manager&start=2> (referer: https://www.google.com/search?q=wuzzuf)
[2026-05-01 04:02:36] INFO: Fetched (200) <GET https://wuzzuf.net/jobs/p/whpycxdhkeeu-mechanical-design-engineer-metal-al-safwa-engineering-industry-giza-egypt> (referer: https://www.google.com/search?q=wuzzuf)
[2026-05-01 04:02:36] INFO: Fetched (200) <GET https://wuzzuf.net/jobs/p/xbsmpsjze06b-senior-cost-control-engineer-arabian-vision-alexandria-egypt> (referer: https://www.google.com/search?q=wuzzuf)
[2026-05-01 04:02:36] INFO: Fetched (200) <GET https://wuzzuf.net/jobs/p/g0bd7mkdo16a-production-engineer-metal-manufacturing-al-safwa-engineering-industry-giza-egypt> (referer: https://www.google.com/search?q=wuzzuf)
[2026-05-01 04:02:37] INFO: Fetched (200) <GET https://wuzzuf.net/jobs/p/fdhuljagpiyk-operation-engineer-cairo-egypt> (referer: https://www.google.com/search?q=wuzzuf)
[2026-05-01 04:02:37] INFO: Fetched (200) <GET https://wuzzuf.net/jobs/p/pf6crnhvicrx-instrumentation-control-engineer-activa-international-giza-egypt> (referer: https://www.google.com/search?q=wuzzuf)
[2026-05-01 04:02:37] INFO: Fetched (200) <GET https://wuzzuf.net/jobs/p/5mzjqaiayfll-commercial-civil-engineer-al-rabat-foundation-cairo-egypt> (referer: https://www.google.com/search?q=wuzzuf)
[2026-05-01 04:02:39] INFO: Fetched (200) <GET https://wuzzuf.net/jobs/p/bscn9vdtsjdl-facility-engineer-egypro-fme-beni-suef-egypt> (referer: https://www.google.com/search?q=wuzzuf)
[2026-05-01 04:02:39] INFO: Fetched (200) <GET https://wuzzuf.net/jobs/p/rriizifruazd-design-engineer-mcv-obour-cairo-egypt> (referer: https://www.google.com/search?q=wuzzuf)
[2026-05-01 04:02:39] INFO: Fetched (200) <GET https://wuzzuf.net/jobs/p/zekj4dzrrche-irrigation-and-fertilizer-engineer-naqaa-matruh-egypt> (referer: https://www.google.com/search?q=wuzzuf)
[2026-05-01 04:02:40] INFO: Fetched (200) <GET https://wuzzuf.net/jobs/p/ztcmblff4ugh-mechanical-maintenance-engineer-olam-svi-giza-egypt> (referer: https://www.google.com/search?q=wuzzuf)
[2026-05-01 04:02:40] INFO: Fetched (200) <GET https://wuzzuf.net/jobs/p/7nm6um289u7f-site-engineer-al-rabat-cairo-egypt> (referer: https://www.google.com/search?q=wuzzuf)
[2026-05-01 04:02:41] INFO: Fetched (200) <GET https://wuzzuf.net/search/jobs/?q=tech+lead&start=0> (referer: https://www.google.com/search?q=wuzzuf)
[2026-05-01 04:02:43] INFO: Fetched (200) <GET https://wuzzuf.net/jobs/p/0nfa9pwjpfjl-tech-lead-tuba-giza-egypt> (referer: https://www.google.com/search?q=wuzzuf)
[2026-05-01 04:02:43] INFO: Fetched (200) <GET https://wuzzuf.net/jobs/p/hxybpjmt7mto-marketing-manager-tech-industry-el-delta-electronic-systems-cairo-egypt> (referer: https://www.google.com/search?q=wuzzuf)
[2026-05-01 04:02:43] INFO: Fetched (200) <GET https://wuzzuf.net/jobs/p/jc60ehj83isj-growth-marketing-specialist-healthcare-tech-medilink360-llc-fz-cairo-egypt> (referer: https://www.google.com/search?q=wuzzuf)
[2026-05-01 04:02:44] INFO: Fetched (200) <GET https://wuzzuf.net/jobs/p/atxwiuefi6jb-french-team-lead-intouch-cx-cairo-egypt> (referer: https://www.google.com/search?q=wuzzuf)
[2026-05-01 04:02:44] INFO: Fetched (200) <GET https://wuzzuf.net/jobs/p/3yog6pefycir-lead-app-growth-aman-cairo-egypt> (referer: https://www.google.com/search?q=wuzzuf)
[2026-05-01 04:02:44] INFO: Fetched (200) <GET https://wuzzuf.net/jobs/p/oawcnyznwckr-lead-3d-motion-designer-leo-jo-productions-auckland-new-zealand> (referer: https://www.google.com/search?q=wuzzuf)
[2026-05-01 04:02:45] INFO: Fetched (200) <GET https://wuzzuf.net/jobs/p/0yhlhqeyprgs-b2b-business-development-lead-imbox-cairo-egypt> (referer: https://www.google.com/search?q=wuzzuf)
[2026-05-01 04:02:45] INFO: Fetched (200) <GET https://wuzzuf.net/jobs/p/itk8tk5et0tk-sales-lead-b2c-customer-renewals-retention-qic-digital-hub-doha-qatar> (referer: https://www.google.com/search?q=wuzzuf)
[2026-05-01 04:02:46] INFO: Fetched (200) <GET https://wuzzuf.net/jobs/p/xntrzntsqieq-sales-lead-basharsoft-cairo-egypt> (referer: https://www.google.com/search?q=wuzzuf)
[2026-05-01 04:02:47] INFO: Fetched (200) <GET https://wuzzuf.net/jobs/p/jmnbcg55o6op-real-estate-agent-united-developments-cairo-egypt> (referer: https://www.google.com/search?q=wuzzuf)
[2026-05-01 04:02:47] INFO: Fetched (200) <GET https://wuzzuf.net/jobs/p/yhsgidcijvjc-business-development-leadmanager-amplify-growth-alexandria-egypt> (referer: https://www.google.com/search?q=wuzzuf)
[2026-05-01 04:02:47] INFO: Fetched (200) <GET https://wuzzuf.net/jobs/p/6qoeidoewj3d-senior-business-development-executive-almentor-cairo-egypt> (referer: https://www.google.com/search?q=wuzzuf)
[2026-05-01 04:02:51] INFO: Fetched (200) <GET https://wuzzuf.net/search/jobs/?q=tech+lead&start=1> (referer: https://www.google.com/search?q=wuzzuf)
[2026-05-01 04:02:52] INFO: Fetched (200) <GET https://wuzzuf.net/jobs/p/qrnnksby8twm-sales-development-representative-sdr-enterprise-consultancy-services-ecs-cairo-egypt> (referer: https://www.google.com/search?q=wuzzuf)
[2026-05-01 04:02:52] INFO: Fetched (200) <GET https://wuzzuf.net/jobs/p/eias962h14f9-sales-representative-business-square-cairo-egypt> (referer: https://www.google.com/search?q=wuzzuf)
[2026-05-01 04:02:52] INFO: Fetched (200) <GET https://wuzzuf.net/jobs/p/9mkfhophuwqr-marketing-supervisor-terra-egypt-giza-egypt> (referer: https://www.google.com/search?q=wuzzuf)
[2026-05-01 04:02:54] INFO: Fetched (200) <GET https://wuzzuf.net/jobs/p/aiz9fhl24byl-business-development-specialist-gcc-getbuilder-dubai-united-arab-emirates> (referer: https://www.google.com/search?q=wuzzuf)
[2026-05-01 04:02:54] INFO: Fetched (200) <GET https://wuzzuf.net/jobs/p/utxpy134fncc-telesales-executive-smart-telecom-solutions-giza-egypt> (referer: https://www.google.com/search?q=wuzzuf)
[2026-05-01 04:02:54] INFO: Fetched (200) <GET https://wuzzuf.net/jobs/p/gab4rjwyjvph-it-sales-executive-trust-information-technology-giza-egypt> (referer: https://www.google.com/search?q=wuzzuf)
[2026-05-01 04:02:56] INFO: Fetched (200) <GET https://wuzzuf.net/jobs/p/ayz8iheek5kv-legal-director-cairo-egypt> (referer: https://www.google.com/search?q=wuzzuf)
[2026-05-01 04:02:56] INFO: Fetched (200) <GET https://wuzzuf.net/jobs/p/rby81mzz0syj-sales-specialist-cairo-egypt> (referer: https://www.google.com/search?q=wuzzuf)
[2026-05-01 04:02:56] INFO: Fetched (200) <GET https://wuzzuf.net/jobs/p/jidrf3gfofhz-sales-representative-evunity-giza-egypt> (referer: https://www.google.com/search?q=wuzzuf)
[2026-05-01 04:02:58] INFO: Fetched (302) <GET https://wuzzuf.net/saudi/jobs/p/yau6ppcmxqut-sales-and-marketing-specialist-aka-khobar-saudi-arabia> (referer: https://www.google.com/search?q=wuzzuf)
[2026-05-01 04:02:58] INFO: Fetched (200) <GET https://wuzzuf.net/ar/saudi/jobs/p/yau6ppcmxqut-sales-and-marketing-specialist-aka-khobar-saudi-arabia> (referer: https://www.google.com/search?q=wuzzuf)
[2026-05-01 04:02:58] INFO: Fetched (200) <GET https://wuzzuf.net/jobs/p/awxcr4twqpmr-sales-account-management-team-leader-basharsoft-cairo-egypt> (referer: https://www.google.com/search?q=wuzzuf)
[2026-05-01 04:02:58] INFO: Fetched (200) <GET https://wuzzuf.net/jobs/p/l44gpskyk7in-sales-account-manager-delta-dubizzle-damietta-egypt> (referer: https://www.google.com/search?q=wuzzuf)
[2026-05-01 04:02:59] INFO: Fetched (200) <GET https://wuzzuf.net/jobs/p/sibgvjtk9fi2-sales-account-associate-property-new-cairo-area-dubizzle-cairo-egypt> (referer: https://www.google.com/search?q=wuzzuf)
[2026-05-01 04:03:00] INFO: Fetched (200) <GET https://wuzzuf.net/jobs/p/xwnto8t5aysb-export-coordinator-ariika-cairo-egypt> (referer: https://www.google.com/search?q=wuzzuf)
[2026-05-01 04:03:03] INFO: Fetched (200) <GET https://wuzzuf.net/search/jobs/?q=tech+lead&start=2> (referer: https://www.google.com/search?q=wuzzuf)
[2026-05-01 04:03:05] INFO: Fetched (200) <GET https://wuzzuf.net/jobs/p/vut81uf8crbt-senior-online-marketing-supervisor-al-soug-cashi-giza-egypt> (referer: https://www.google.com/search?q=wuzzuf)
[2026-05-01 04:03:05] INFO: Fetched (200) <GET https://wuzzuf.net/jobs/p/etjtfzsedkaa-executive-assistant-youxel-cairo-egypt> (referer: https://www.google.com/search?q=wuzzuf)
[2026-05-01 04:03:05] INFO: Fetched (200) <GET https://wuzzuf.net/jobs/p/6vwy6immpute-foreign-purchasing-specialist-natures-rule-egypt-llc-cairo-egypt> (referer: https://www.google.com/search?q=wuzzuf)
[2026-05-01 04:03:06] INFO: Fetched (200) <GET https://wuzzuf.net/jobs/p/ozrijyjnnhwi-commercial-director-gahez-digital-marketing-giza-egypt> (referer: https://www.google.com/search?q=wuzzuf)
[2026-05-01 04:03:07] INFO: Fetched (200) <GET https://wuzzuf.net/jobs/p/8u0orcexzjox-b2b-sales-account-manager-el-madena-el-monawara-cairo-egypt> (referer: https://www.google.com/search?q=wuzzuf)
[2026-05-01 04:03:07] INFO: Fetched (200) <GET https://wuzzuf.net/jobs/p/nkxppymmp8ms-recruitment-officer-al-retal-recruitment-company-cairo-egypt> (referer: https://www.google.com/search?q=wuzzuf)
[2026-05-01 04:03:07] INFO: Fetched (200) <GET https://wuzzuf.net/jobs/p/akqoycnt137e-warehouse-manager-total-air-cairo-egypt> (referer: https://www.google.com/search?q=wuzzuf)
[2026-05-01 04:03:09] INFO: Fetched (200) <GET https://wuzzuf.net/jobs/p/azuunrkkybsb-technical-sales-specialist-elhandasya-for-industrial-paints-cairo-egypt> (referer: https://www.google.com/search?q=wuzzuf)
[2026-05-01 04:03:09] INFO: Fetched (200) <GET https://wuzzuf.net/jobs/p/6boosglbpesx-business-development-executive-mawared-hr-system-giza-egypt> (referer: https://www.google.com/search?q=wuzzuf)
[2026-05-01 04:03:09] INFO: Fetched (200) <GET https://wuzzuf.net/jobs/p/ixvvhmtiqyse-senior-media-buyer-cairo-egypt> (referer: https://www.google.com/search?q=wuzzuf)
[2026-05-01 04:03:10] INFO: Fetched (200) <GET https://wuzzuf.net/jobs/p/coi8qkfvhdfh-advertising-sales-executive-royal-media-giza-egypt> (referer: https://www.google.com/search?q=wuzzuf)
[2026-05-01 04:03:10] INFO: Fetched (200) <GET https://wuzzuf.net/jobs/p/2yktbpwwcj6a-chief-revenue-officer-adeer-cairo-egypt> (referer: https://www.google.com/search?q=wuzzuf)
[2026-05-01 04:03:10] INFO: Fetched (200) <GET https://wuzzuf.net/jobs/p/dygsgmyejz1s-assistant-warehouse-manager-giza-egypt> (referer: https://www.google.com/search?q=wuzzuf)
WARNING:src.services.Ai_Enrich_Service:Gemini error: Expecting value: line 13 column 26 (char 175)
WARNING:src.services.Ai_Enrich_Service:Gemini key failed or expired, falling back to Ollama...
WARNING:src.services.Ai_Enrich_Service:Gemini error: Expecting value: line 10 column 20 (char 158)
WARNING:src.services.Ai_Enrich_Service:Gemini key failed or expired, falling back to Ollama...
WARNING:src.services.Ai_Enrich_Service:Gemini error: Unterminated string starting at: line 4 column 5 (char 32)
WARNING:src.services.Ai_Enrich_Service:Gemini key failed or expired, falling back to Ollama...
WARNING:src.services.Ai_Enrich_Service:Gemini error: 429 RESOURCE_EXHAUSTED. {'error': {'code': 429, 'message': 'You exceeded your current quota, please check your plan and billing details. For more information on this error, head to: https://ai.google.dev/gemini-api/docs/rate-limits. To monitor your current usage, head to: https://ai.dev/rate-limit. \n* Quota exceeded for metric: generativelanguage.googleapis.com/generate_content_free_tier_requests, limit: 5, model: gemini-2.5-flash\nPlease retry in 34.670409257s.', 'status': 'RESOURCE_EXHAUSTED', 'details': [{'@type': 'type.googleapis.com/google.rpc.Help', 'links': [{'description': 'Learn more about Gemini API quotas', 'url': 'https://ai.google.dev/gemini-api/docs/rate-limits'}]}, {'@type': 'type.googleapis.com/google.rpc.QuotaFailure', 'violations': [{'quotaMetric': 'generativelanguage.googleapis.com/generate_content_free_tier_requests', 'quotaId': 'GenerateRequestsPerMinutePerProjectPerModel-FreeTier', 'quotaDimensions': {'location': 'global', 'model': 'gemini-2.5-flash'}, 'quotaValue': '5'}]}, {'@type': 'type.googleapis.com/google.rpc.RetryInfo', 'retryDelay': '34s'}]}}
WARNING:src.services.Ai_Enrich_Service:Gemini key failed or expired, falling back to Ollama...
WARNING:src.services.Ai_Enrich_Service:Gemini error: Expecting value: line 3 column 15 (char 30)
WARNING:src.services.Ai_Enrich_Service:Gemini key failed or expired, falling back to Ollama...
WARNING:src.services.Ai_Enrich_Service:Gemini error: 429 RESOURCE_EXHAUSTED. {'error': {'code': 429, 'message': 'You exceeded your current quota, please check your plan and billing details. For more information on this error, head to: https://ai.google.dev/gemini-api/docs/rate-limits. To monitor your current usage, head to: https://ai.dev/rate-limit. \n* Quota exceeded for metric: generativelanguage.googleapis.com/generate_content_free_tier_requests, limit: 5, model: gemini-2.5-flash\nPlease retry in 32.541867321s.', 'status': 'RESOURCE_EXHAUSTED', 'details': [{'@type': 'type.googleapis.com/google.rpc.Help', 'links': [{'description': 'Learn more about Gemini API quotas', 'url': 'https://ai.google.dev/gemini-api/docs/rate-limits'}]}, {'@type': 'type.googleapis.com/google.rpc.QuotaFailure', 'violations': [{'quotaMetric': 'generativelanguage.googleapis.com/generate_content_free_tier_requests', 'quotaId': 'GenerateRequestsPerMinutePerProjectPerModel-FreeTier', 'quotaDimensions': {'location': 'global', 'model': 'gemini-2.5-flash'}, 'quotaValue': '5'}]}, {'@type': 'type.googleapis.com/google.rpc.RetryInfo', 'retryDelay': '32s'}]}}
WARNING:src.services.Ai_Enrich_Service:Gemini key failed or expired, falling back to Ollama...
WARNING:src.services.Ai_Enrich_Service:Gemini error: 429 RESOURCE_EXHAUSTED. {'error': {'code': 429, 'message': 'You exceeded your current quota, please check your plan and billing details. For more information on this error, head to: https://ai.google.dev/gemini-api/docs/rate-limits. To monitor your current usage, head to: https://ai.dev/rate-limit. \n* Quota exceeded for metric: generativelanguage.googleapis.com/generate_content_free_tier_requests, limit: 5, model: gemini-2.5-flash\nPlease retry in 31.310741038s.', 'status': 'RESOURCE_EXHAUSTED', 'details': [{'@type': 'type.googleapis.com/google.rpc.Help', 'links': [{'description': 'Learn more about Gemini API quotas', 'url': 'https://ai.google.dev/gemini-api/docs/rate-limits'}]}, {'@type': 'type.googleapis.com/google.rpc.QuotaFailure', 'violations': [{'quotaMetric': 'generativelanguage.googleapis.com/generate_content_free_tier_requests', 'quotaId': 'GenerateRequestsPerMinutePerProjectPerModel-FreeTier', 'quotaDimensions': {'location': 'global', 'model': 'gemini-2.5-flash'}, 'quotaValue': '5'}]}, {'@type': 'type.googleapis.com/google.rpc.RetryInfo', 'retryDelay': '31s'}]}}
WARNING:src.services.Ai_Enrich_Service:Gemini key failed or expired, falling back to Ollama...
WARNING:src.services.Ai_Enrich_Service:Gemini error: 429 RESOURCE_EXHAUSTED. {'error': {'code': 429, 'message': 'You exceeded your current quota, please check your plan and billing details. For more information on this error, head to: https://ai.google.dev/gemini-api/docs/rate-limits. To monitor your current usage, head to: https://ai.dev/rate-limit. \n* Quota exceeded for metric: generativelanguage.googleapis.com/generate_content_free_tier_requests, limit: 5, model: gemini-2.5-flash\nPlease retry in 29.934173671s.', 'status': 'RESOURCE_EXHAUSTED', 'details': [{'@type': 'type.googleapis.com/google.rpc.Help', 'links': [{'description': 'Learn more about Gemini API quotas', 'url': 'https://ai.google.dev/gemini-api/docs/rate-limits'}]}, {'@type': 'type.googleapis.com/google.rpc.QuotaFailure', 'violations': [{'quotaMetric': 'generativelanguage.googleapis.com/generate_content_free_tier_requests', 'quotaId': 'GenerateRequestsPerMinutePerProjectPerModel-FreeTier', 'quotaDimensions': {'location': 'global', 'model': 'gemini-2.5-flash'}, 'quotaValue': '5'}]}, {'@type': 'type.googleapis.com/google.rpc.RetryInfo', 'retryDelay': '29s'}]}}
WARNING:src.services.Ai_Enrich_Service:Gemini key failed or expired, falling back to Ollama...
WARNING:src.services.Ai_Enrich_Service:Gemini error: 429 RESOURCE_EXHAUSTED. {'error': {'code': 429, 'message': 'You exceeded your current quota, please check your plan and billing details. For more information on this error, head to: https://ai.google.dev/gemini-api/docs/rate-limits. To monitor your current usage, head to: https://ai.dev/rate-limit. \n* Quota exceeded for metric: generativelanguage.googleapis.com/generate_content_free_tier_requests, limit: 5, model: gemini-2.5-flash\nPlease retry in 28.166876701s.', 'status': 'RESOURCE_EXHAUSTED', 'details': [{'@type': 'type.googleapis.com/google.rpc.Help', 'links': [{'description': 'Learn more about Gemini API quotas', 'url': 'https://ai.google.dev/gemini-api/docs/rate-limits'}]}, {'@type': 'type.googleapis.com/google.rpc.QuotaFailure', 'violations': [{'quotaMetric': 'generativelanguage.googleapis.com/generate_content_free_tier_requests', 'quotaId': 'GenerateRequestsPerMinutePerProjectPerModel-FreeTier', 'quotaDimensions': {'location': 'global', 'model': 'gemini-2.5-flash'}, 'quotaValue': '5'}]}, {'@type': 'type.googleapis.com/google.rpc.RetryInfo', 'retryDelay': '28s'}]}}
WARNING:src.services.Ai_Enrich_Service:Gemini key failed or expired, falling back to Ollama...
WARNING:src.services.Ai_Enrich_Service:Gemini error: 429 RESOURCE_EXHAUSTED. {'error': {'code': 429, 'message': 'You exceeded your current quota, please check your plan and billing details. For more information on this error, head to: https://ai.google.dev/gemini-api/docs/rate-limits. To monitor your current usage, head to: https://ai.dev/rate-limit. \n* Quota exceeded for metric: generativelanguage.googleapis.com/generate_content_free_tier_requests, limit: 5, model: gemini-2.5-flash\nPlease retry in 26.44437556s.', 'status': 'RESOURCE_EXHAUSTED', 'details': [{'@type': 'type.googleapis.com/google.rpc.Help', 'links': [{'description': 'Learn more about Gemini API quotas', 'url': 'https://ai.google.dev/gemini-api/docs/rate-limits'}]}, {'@type': 'type.googleapis.com/google.rpc.QuotaFailure', 'violations': [{'quotaMetric': 'generativelanguage.googleapis.com/generate_content_free_tier_requests', 'quotaId': 'GenerateRequestsPerMinutePerProjectPerModel-FreeTier', 'quotaDimensions': {'location': 'global', 'model': 'gemini-2.5-flash'}, 'quotaValue': '5'}]}, {'@type': 'type.googleapis.com/google.rpc.RetryInfo', 'retryDelay': '26s'}]}}
WARNING:src.services.Ai_Enrich_Service:Gemini key failed or expired, falling back to Ollama...
WARNING:src.services.Ai_Enrich_Service:Gemini error: 429 RESOURCE_EXHAUSTED. {'error': {'code': 429, 'message': 'You exceeded your current quota, please check your plan and billing details. For more information on this error, head to: https://ai.google.dev/gemini-api/docs/rate-limits. To monitor your current usage, head to: https://ai.dev/rate-limit. \n* Quota exceeded for metric: generativelanguage.googleapis.com/generate_content_free_tier_requests, limit: 5, model: gemini-2.5-flash\nPlease retry in 25.152403341s.', 'status': 'RESOURCE_EXHAUSTED', 'details': [{'@type': 'type.googleapis.com/google.rpc.Help', 'links': [{'description': 'Learn more about Gemini API quotas', 'url': 'https://ai.google.dev/gemini-api/docs/rate-limits'}]}, {'@type': 'type.googleapis.com/google.rpc.QuotaFailure', 'violations': [{'quotaMetric': 'generativelanguage.googleapis.com/generate_content_free_tier_requests', 'quotaId': 'GenerateRequestsPerMinutePerProjectPerModel-FreeTier', 'quotaDimensions': {'location': 'global', 'model': 'gemini-2.5-flash'}, 'quotaValue': '5'}]}, {'@type': 'type.googleapis.com/google.rpc.RetryInfo', 'retryDelay': '25s'}]}}
WARNING:src.services.Ai_Enrich_Service:Gemini key failed or expired, falling back to Ollama...
WARNING:src.services.Ai_Enrich_Service:Gemini error: 429 RESOURCE_EXHAUSTED. {'error': {'code': 429, 'message': 'You exceeded your current quota, please check your plan and billing details. For more information on this error, head to: https://ai.google.dev/gemini-api/docs/rate-limits. To monitor your current usage, head to: https://ai.dev/rate-limit. \n* Quota exceeded for metric: generativelanguage.googleapis.com/generate_content_free_tier_requests, limit: 5, model: gemini-2.5-flash\nPlease retry in 24.020431826s.', 'status': 'RESOURCE_EXHAUSTED', 'details': [{'@type': 'type.googleapis.com/google.rpc.Help', 'links': [{'description': 'Learn more about Gemini API quotas', 'url': 'https://ai.google.dev/gemini-api/docs/rate-limits'}]}, {'@type': 'type.googleapis.com/google.rpc.QuotaFailure', 'violations': [{'quotaMetric': 'generativelanguage.googleapis.com/generate_content_free_tier_requests', 'quotaId': 'GenerateRequestsPerMinutePerProjectPerModel-FreeTier', 'quotaDimensions': {'location': 'global', 'model': 'gemini-2.5-flash'}, 'quotaValue': '5'}]}, {'@type': 'type.googleapis.com/google.rpc.RetryInfo', 'retryDelay': '24s'}]}}
WARNING:src.services.Ai_Enrich_Service:Gemini key failed or expired, falling back to Ollama...
WARNING:src.services.Ai_Enrich_Service:Gemini error: 429 RESOURCE_EXHAUSTED. {'error': {'code': 429, 'message': 'You exceeded your current quota, please check your plan and billing details. For more information on this error, head to: https://ai.google.dev/gemini-api/docs/rate-limits. To monitor your current usage, head to: https://ai.dev/rate-limit. \n* Quota exceeded for metric: generativelanguage.googleapis.com/generate_content_free_tier_requests, limit: 5, model: gemini-2.5-flash\nPlease retry in 22.776574831s.', 'status': 'RESOURCE_EXHAUSTED', 'details': [{'@type': 'type.googleapis.com/google.rpc.Help', 'links': [{'description': 'Learn more about Gemini API quotas', 'url': 'https://ai.google.dev/gemini-api/docs/rate-limits'}]}, {'@type': 'type.googleapis.com/google.rpc.QuotaFailure', 'violations': [{'quotaMetric': 'generativelanguage.googleapis.com/generate_content_free_tier_requests', 'quotaId': 'GenerateRequestsPerMinutePerProjectPerModel-FreeTier', 'quotaDimensions': {'location': 'global', 'model': 'gemini-2.5-flash'}, 'quotaValue': '5'}]}, {'@type': 'type.googleapis.com/google.rpc.RetryInfo', 'retryDelay': '22s'}]}}
WARNING:src.services.Ai_Enrich_Service:Gemini key failed or expired, falling back to Ollama...
WARNING:src.services.Ai_Enrich_Service:Gemini error: 429 RESOURCE_EXHAUSTED. {'error': {'code': 429, 'message': 'You exceeded your current quota, please check your plan and billing details. For more information on this error, head to: https://ai.google.dev/gemini-api/docs/rate-limits. To monitor your current usage, head to: https://ai.dev/rate-limit. \n* Quota exceeded for metric: generativelanguage.googleapis.com/generate_content_free_tier_requests, limit: 5, model: gemini-2.5-flash\nPlease retry in 20.86007551s.', 'status': 'RESOURCE_EXHAUSTED', 'details': [{'@type': 'type.googleapis.com/google.rpc.Help', 'links': [{'description': 'Learn more about Gemini API quotas', 'url': 'https://ai.google.dev/gemini-api/docs/rate-limits'}]}, {'@type': 'type.googleapis.com/google.rpc.QuotaFailure', 'violations': [{'quotaMetric': 'generativelanguage.googleapis.com/generate_content_free_tier_requests', 'quotaId': 'GenerateRequestsPerMinutePerProjectPerModel-FreeTier', 'quotaDimensions': {'location': 'global', 'model': 'gemini-2.5-flash'}, 'quotaValue': '5'}]}, {'@type': 'type.googleapis.com/google.rpc.RetryInfo', 'retryDelay': '20s'}]}}
WARNING:src.services.Ai_Enrich_Service:Gemini key failed or expired, falling back to Ollama...
WARNING:src.services.Ai_Enrich_Service:Gemini error: 429 RESOURCE_EXHAUSTED. {'error': {'code': 429, 'message': 'You exceeded your current quota, please check your plan and billing details. For more information on this error, head to: https://ai.google.dev/gemini-api/docs/rate-limits. To monitor your current usage, head to: https://ai.dev/rate-limit. \n* Quota exceeded for metric: generativelanguage.googleapis.com/generate_content_free_tier_requests, limit: 5, model: gemini-2.5-flash\nPlease retry in 19.867766411s.', 'status': 'RESOURCE_EXHAUSTED', 'details': [{'@type': 'type.googleapis.com/google.rpc.Help', 'links': [{'description': 'Learn more about Gemini API quotas', 'url': 'https://ai.google.dev/gemini-api/docs/rate-limits'}]}, {'@type': 'type.googleapis.com/google.rpc.QuotaFailure', 'violations': [{'quotaMetric': 'generativelanguage.googleapis.com/generate_content_free_tier_requests', 'quotaId': 'GenerateRequestsPerMinutePerProjectPerModel-FreeTier', 'quotaDimensions': {'location': 'global', 'model': 'gemini-2.5-flash'}, 'quotaValue': '5'}]}, {'@type': 'type.googleapis.com/google.rpc.RetryInfo', 'retryDelay': '19s'}]}}
WARNING:src.services.Ai_Enrich_Service:Gemini key failed or expired, falling back to Ollama...
WARNING:src.services.Ai_Enrich_Service:Gemini error: 429 RESOURCE_EXHAUSTED. {'error': {'code': 429, 'message': 'You exceeded your current quota, please check your plan and billing details. For more information on this error, head to: https://ai.google.dev/gemini-api/docs/rate-limits. To monitor your current usage, head to: https://ai.dev/rate-limit. \n* Quota exceeded for metric: generativelanguage.googleapis.com/generate_content_free_tier_requests, limit: 5, model: gemini-2.5-flash\nPlease retry in 18.795390442s.', 'status': 'RESOURCE_EXHAUSTED', 'details': [{'@type': 'type.googleapis.com/google.rpc.Help', 'links': [{'description': 'Learn more about Gemini API quotas', 'url': 'https://ai.google.dev/gemini-api/docs/rate-limits'}]}, {'@type': 'type.googleapis.com/google.rpc.QuotaFailure', 'violations': [{'quotaMetric': 'generativelanguage.googleapis.com/generate_content_free_tier_requests', 'quotaId': 'GenerateRequestsPerMinutePerProjectPerModel-FreeTier', 'quotaDimensions': {'location': 'global', 'model': 'gemini-2.5-flash'}, 'quotaValue': '5'}]}, {'@type': 'type.googleapis.com/google.rpc.RetryInfo', 'retryDelay': '18s'}]}}
WARNING:src.services.Ai_Enrich_Service:Gemini key failed or expired, falling back to Ollama...
WARNING:src.services.Ai_Enrich_Service:Gemini error: 429 RESOURCE_EXHAUSTED. {'error': {'code': 429, 'message': 'You exceeded your current quota, please check your plan and billing details. For more information on this error, head to: https://ai.google.dev/gemini-api/docs/rate-limits. To monitor your current usage, head to: https://ai.dev/rate-limit. \n* Quota exceeded for metric: generativelanguage.googleapis.com/generate_content_free_tier_requests, limit: 5, model: gemini-2.5-flash\nPlease retry in 17.835823166s.', 'status': 'RESOURCE_EXHAUSTED', 'details': [{'@type': 'type.googleapis.com/google.rpc.Help', 'links': [{'description': 'Learn more about Gemini API quotas', 'url': 'https://ai.google.dev/gemini-api/docs/rate-limits'}]}, {'@type': 'type.googleapis.com/google.rpc.QuotaFailure', 'violations': [{'quotaMetric': 'generativelanguage.googleapis.com/generate_content_free_tier_requests', 'quotaId': 'GenerateRequestsPerMinutePerProjectPerModel-FreeTier', 'quotaDimensions': {'model': 'gemini-2.5-flash', 'location': 'global'}, 'quotaValue': '5'}]}, {'@type': 'type.googleapis.com/google.rpc.RetryInfo', 'retryDelay': '17s'}]}}
WARNING:src.services.Ai_Enrich_Service:Gemini key failed or expired, falling back to Ollama...
WARNING:src.services.Ai_Enrich_Service:Gemini error: 429 RESOURCE_EXHAUSTED. {'error': {'code': 429, 'message': 'You exceeded your current quota, please check your plan and billing details. For more information on this error, head to: https://ai.google.dev/gemini-api/docs/rate-limits. To monitor your current usage, head to: https://ai.dev/rate-limit. \n* Quota exceeded for metric: generativelanguage.googleapis.com/generate_content_free_tier_requests, limit: 5, model: gemini-2.5-flash\nPlease retry in 16.092666341s.', 'status': 'RESOURCE_EXHAUSTED', 'details': [{'@type': 'type.googleapis.com/google.rpc.Help', 'links': [{'description': 'Learn more about Gemini API quotas', 'url': 'https://ai.google.dev/gemini-api/docs/rate-limits'}]}, {'@type': 'type.googleapis.com/google.rpc.QuotaFailure', 'violations': [{'quotaMetric': 'generativelanguage.googleapis.com/generate_content_free_tier_requests', 'quotaId': 'GenerateRequestsPerMinutePerProjectPerModel-FreeTier', 'quotaDimensions': {'location': 'global', 'model': 'gemini-2.5-flash'}, 'quotaValue': '5'}]}, {'@type': 'type.googleapis.com/google.rpc.RetryInfo', 'retryDelay': '16s'}]}}
WARNING:src.services.Ai_Enrich_Service:Gemini key failed or expired, falling back to Ollama...
WARNING:src.services.Ai_Enrich_Service:Gemini error: 429 RESOURCE_EXHAUSTED. {'error': {'code': 429, 'message': 'You exceeded your current quota, please check your plan and billing details. For more information on this error, head to: https://ai.google.dev/gemini-api/docs/rate-limits. To monitor your current usage, head to: https://ai.dev/rate-limit. \n* Quota exceeded for metric: generativelanguage.googleapis.com/generate_content_free_tier_requests, limit: 5, model: gemini-2.5-flash\nPlease retry in 15.117039653s.', 'status': 'RESOURCE_EXHAUSTED', 'details': [{'@type': 'type.googleapis.com/google.rpc.Help', 'links': [{'description': 'Learn more about Gemini API quotas', 'url': 'https://ai.google.dev/gemini-api/docs/rate-limits'}]}, {'@type': 'type.googleapis.com/google.rpc.QuotaFailure', 'violations': [{'quotaMetric': 'generativelanguage.googleapis.com/generate_content_free_tier_requests', 'quotaId': 'GenerateRequestsPerMinutePerProjectPerModel-FreeTier', 'quotaDimensions': {'model': 'gemini-2.5-flash', 'location': 'global'}, 'quotaValue': '5'}]}, {'@type': 'type.googleapis.com/google.rpc.RetryInfo', 'retryDelay': '15s'}]}}
WARNING:src.services.Ai_Enrich_Service:Gemini key failed or expired, falling back to Ollama...
WARNING:src.services.Ai_Enrich_Service:Gemini error: 429 RESOURCE_EXHAUSTED. {'error': {'code': 429, 'message': 'You exceeded your current quota, please check your plan and billing details. For more information on this error, head to: https://ai.google.dev/gemini-api/docs/rate-limits. To monitor your current usage, head to: https://ai.dev/rate-limit. \n* Quota exceeded for metric: generativelanguage.googleapis.com/generate_content_free_tier_requests, limit: 5, model: gemini-2.5-flash\nPlease retry in 14.096383063s.', 'status': 'RESOURCE_EXHAUSTED', 'details': [{'@type': 'type.googleapis.com/google.rpc.Help', 'links': [{'description': 'Learn more about Gemini API quotas', 'url': 'https://ai.google.dev/gemini-api/docs/rate-limits'}]}, {'@type': 'type.googleapis.com/google.rpc.QuotaFailure', 'violations': [{'quotaMetric': 'generativelanguage.googleapis.com/generate_content_free_tier_requests', 'quotaId': 'GenerateRequestsPerMinutePerProjectPerModel-FreeTier', 'quotaDimensions': {'model': 'gemini-2.5-flash', 'location': 'global'}, 'quotaValue': '5'}]}, {'@type': 'type.googleapis.com/google.rpc.RetryInfo', 'retryDelay': '14s'}]}}
WARNING:src.services.Ai_Enrich_Service:Gemini key failed or expired, falling back to Ollama...
WARNING:src.services.Ai_Enrich_Service:Gemini error: 429 RESOURCE_EXHAUSTED. {'error': {'code': 429, 'message': 'You exceeded your current quota, please check your plan and billing details. For more information on this error, head to: https://ai.google.dev/gemini-api/docs/rate-limits. To monitor your current usage, head to: https://ai.dev/rate-limit. \n* Quota exceeded for metric: generativelanguage.googleapis.com/generate_content_free_tier_requests, limit: 5, model: gemini-2.5-flash\nPlease retry in 12.944163636s.', 'status': 'RESOURCE_EXHAUSTED', 'details': [{'@type': 'type.googleapis.com/google.rpc.Help', 'links': [{'description': 'Learn more about Gemini API quotas', 'url': 'https://ai.google.dev/gemini-api/docs/rate-limits'}]}, {'@type': 'type.googleapis.com/google.rpc.QuotaFailure', 'violations': [{'quotaMetric': 'generativelanguage.googleapis.com/generate_content_free_tier_requests', 'quotaId': 'GenerateRequestsPerMinutePerProjectPerModel-FreeTier', 'quotaDimensions': {'location': 'global', 'model': 'gemini-2.5-flash'}, 'quotaValue': '5'}]}, {'@type': 'type.googleapis.com/google.rpc.RetryInfo', 'retryDelay': '12s'}]}}
WARNING:src.services.Ai_Enrich_Service:Gemini key failed or expired, falling back to Ollama...
WARNING:src.services.Ai_Enrich_Service:Gemini error: 429 RESOURCE_EXHAUSTED. {'error': {'code': 429, 'message': 'You exceeded your current quota, please check your plan and billing details. For more information on this error, head to: https://ai.google.dev/gemini-api/docs/rate-limits. To monitor your current usage, head to: https://ai.dev/rate-limit. \n* Quota exceeded for metric: generativelanguage.googleapis.com/generate_content_free_tier_requests, limit: 5, model: gemini-2.5-flash\nPlease retry in 11.665191433s.', 'status': 'RESOURCE_EXHAUSTED', 'details': [{'@type': 'type.googleapis.com/google.rpc.Help', 'links': [{'description': 'Learn more about Gemini API quotas', 'url': 'https://ai.google.dev/gemini-api/docs/rate-limits'}]}, {'@type': 'type.googleapis.com/google.rpc.QuotaFailure', 'violations': [{'quotaMetric': 'generativelanguage.googleapis.com/generate_content_free_tier_requests', 'quotaId': 'GenerateRequestsPerMinutePerProjectPerModel-FreeTier', 'quotaDimensions': {'location': 'global', 'model': 'gemini-2.5-flash'}, 'quotaValue': '5'}]}, {'@type': 'type.googleapis.com/google.rpc.RetryInfo', 'retryDelay': '11s'}]}}
WARNING:src.services.Ai_Enrich_Service:Gemini key failed or expired, falling back to Ollama...
WARNING:src.services.Ai_Enrich_Service:Gemini error: 429 RESOURCE_EXHAUSTED. {'error': {'code': 429, 'message': 'You exceeded your current quota, please check your plan and billing details. For more information on this error, head to: https://ai.google.dev/gemini-api/docs/rate-limits. To monitor your current usage, head to: https://ai.dev/rate-limit. \n* Quota exceeded for metric: generativelanguage.googleapis.com/generate_content_free_tier_requests, limit: 5, model: gemini-2.5-flash\nPlease retry in 8.744525567s.', 'status': 'RESOURCE_EXHAUSTED', 'details': [{'@type': 'type.googleapis.com/google.rpc.Help', 'links': [{'description': 'Learn more about Gemini API quotas', 'url': 'https://ai.google.dev/gemini-api/docs/rate-limits'}]}, {'@type': 'type.googleapis.com/google.rpc.QuotaFailure', 'violations': [{'quotaMetric': 'generativelanguage.googleapis.com/generate_content_free_tier_requests', 'quotaId': 'GenerateRequestsPerMinutePerProjectPerModel-FreeTier', 'quotaDimensions': {'location': 'global', 'model': 'gemini-2.5-flash'}, 'quotaValue': '5'}]}, {'@type': 'type.googleapis.com/google.rpc.RetryInfo', 'retryDelay': '8s'}]}}
WARNING:src.services.Ai_Enrich_Service:Gemini key failed or expired, falling back to Ollama...
WARNING:src.services.Ai_Enrich_Service:Gemini error: 429 RESOURCE_EXHAUSTED. {'error': {'code': 429, 'message': 'You exceeded your current quota, please check your plan and billing details. For more information on this error, head to: https://ai.google.dev/gemini-api/docs/rate-limits. To monitor your current usage, head to: https://ai.dev/rate-limit. \n* Quota exceeded for metric: generativelanguage.googleapis.com/generate_content_free_tier_requests, limit: 5, model: gemini-2.5-flash\nPlease retry in 7.459993704s.', 'status': 'RESOURCE_EXHAUSTED', 'details': [{'@type': 'type.googleapis.com/google.rpc.Help', 'links': [{'description': 'Learn more about Gemini API quotas', 'url': 'https://ai.google.dev/gemini-api/docs/rate-limits'}]}, {'@type': 'type.googleapis.com/google.rpc.QuotaFailure', 'violations': [{'quotaMetric': 'generativelanguage.googleapis.com/generate_content_free_tier_requests', 'quotaId': 'GenerateRequestsPerMinutePerProjectPerModel-FreeTier', 'quotaDimensions': {'location': 'global', 'model': 'gemini-2.5-flash'}, 'quotaValue': '5'}]}, {'@type': 'type.googleapis.com/google.rpc.RetryInfo', 'retryDelay': '7s'}]}}
WARNING:src.services.Ai_Enrich_Service:Gemini key failed or expired, falling back to Ollama...
WARNING:src.services.Ai_Enrich_Service:Gemini error: 429 RESOURCE_EXHAUSTED. {'error': {'code': 429, 'message': 'You exceeded your current quota, please check your plan and billing details. For more information on this error, head to: https://ai.google.dev/gemini-api/docs/rate-limits. To monitor your current usage, head to: https://ai.dev/rate-limit. \n* Quota exceeded for metric: generativelanguage.googleapis.com/generate_content_free_tier_requests, limit: 5, model: gemini-2.5-flash\nPlease retry in 6.310302525s.', 'status': 'RESOURCE_EXHAUSTED', 'details': [{'@type': 'type.googleapis.com/google.rpc.Help', 'links': [{'description': 'Learn more about Gemini API quotas', 'url': 'https://ai.google.dev/gemini-api/docs/rate-limits'}]}, {'@type': 'type.googleapis.com/google.rpc.QuotaFailure', 'violations': [{'quotaMetric': 'generativelanguage.googleapis.com/generate_content_free_tier_requests', 'quotaId': 'GenerateRequestsPerMinutePerProjectPerModel-FreeTier', 'quotaDimensions': {'model': 'gemini-2.5-flash', 'location': 'global'}, 'quotaValue': '5'}]}, {'@type': 'type.googleapis.com/google.rpc.RetryInfo', 'retryDelay': '6s'}]}}
WARNING:src.services.Ai_Enrich_Service:Gemini key failed or expired, falling back to Ollama...
WARNING:src.services.Ai_Enrich_Service:Gemini error: 429 RESOURCE_EXHAUSTED. {'error': {'code': 429, 'message': 'You exceeded your current quota, please check your plan and billing details. For more information on this error, head to: https://ai.google.dev/gemini-api/docs/rate-limits. To monitor your current usage, head to: https://ai.dev/rate-limit. \n* Quota exceeded for metric: generativelanguage.googleapis.com/generate_content_free_tier_requests, limit: 5, model: gemini-2.5-flash\nPlease retry in 5.161120989s.', 'status': 'RESOURCE_EXHAUSTED', 'details': [{'@type': 'type.googleapis.com/google.rpc.Help', 'links': [{'description': 'Learn more about Gemini API quotas', 'url': 'https://ai.google.dev/gemini-api/docs/rate-limits'}]}, {'@type': 'type.googleapis.com/google.rpc.QuotaFailure', 'violations': [{'quotaMetric': 'generativelanguage.googleapis.com/generate_content_free_tier_requests', 'quotaId': 'GenerateRequestsPerMinutePerProjectPerModel-FreeTier', 'quotaDimensions': {'location': 'global', 'model': 'gemini-2.5-flash'}, 'quotaValue': '5'}]}, {'@type': 'type.googleapis.com/google.rpc.RetryInfo', 'retryDelay': '5s'}]}}
WARNING:src.services.Ai_Enrich_Service:Gemini key failed or expired, falling back to Ollama...
WARNING:src.services.Ai_Enrich_Service:Gemini error: 429 RESOURCE_EXHAUSTED. {'error': {'code': 429, 'message': 'You exceeded your current quota, please check your plan and billing details. For more information on this error, head to: https://ai.google.dev/gemini-api/docs/rate-limits. To monitor your current usage, head to: https://ai.dev/rate-limit. \n* Quota exceeded for metric: generativelanguage.googleapis.com/generate_content_free_tier_requests, limit: 5, model: gemini-2.5-flash\nPlease retry in 4.001192113s.', 'status': 'RESOURCE_EXHAUSTED', 'details': [{'@type': 'type.googleapis.com/google.rpc.Help', 'links': [{'description': 'Learn more about Gemini API quotas', 'url': 'https://ai.google.dev/gemini-api/docs/rate-limits'}]}, {'@type': 'type.googleapis.com/google.rpc.QuotaFailure', 'violations': [{'quotaMetric': 'generativelanguage.googleapis.com/generate_content_free_tier_requests', 'quotaId': 'GenerateRequestsPerMinutePerProjectPerModel-FreeTier', 'quotaDimensions': {'location': 'global', 'model': 'gemini-2.5-flash'}, 'quotaValue': '5'}]}, {'@type': 'type.googleapis.com/google.rpc.RetryInfo', 'retryDelay': '4s'}]}}
WARNING:src.services.Ai_Enrich_Service:Gemini key failed or expired, falling back to Ollama...
WARNING:src.services.Ai_Enrich_Service:Gemini error: 429 RESOURCE_EXHAUSTED. {'error': {'code': 429, 'message': 'You exceeded your current quota, please check your plan and billing details. For more information on this error, head to: https://ai.google.dev/gemini-api/docs/rate-limits. To monitor your current usage, head to: https://ai.dev/rate-limit. \n* Quota exceeded for metric: generativelanguage.googleapis.com/generate_content_free_tier_requests, limit: 5, model: gemini-2.5-flash\nPlease retry in 2.563889988s.', 'status': 'RESOURCE_EXHAUSTED', 'details': [{'@type': 'type.googleapis.com/google.rpc.Help', 'links': [{'description': 'Learn more about Gemini API quotas', 'url': 'https://ai.google.dev/gemini-api/docs/rate-limits'}]}, {'@type': 'type.googleapis.com/google.rpc.QuotaFailure', 'violations': [{'quotaMetric': 'generativelanguage.googleapis.com/generate_content_free_tier_requests', 'quotaId': 'GenerateRequestsPerMinutePerProjectPerModel-FreeTier', 'quotaDimensions': {'model': 'gemini-2.5-flash', 'location': 'global'}, 'quotaValue': '5'}]}, {'@type': 'type.googleapis.com/google.rpc.RetryInfo', 'retryDelay': '2s'}]}}
WARNING:src.services.Ai_Enrich_Service:Gemini key failed or expired, falling back to Ollama...
WARNING:src.services.Ai_Enrich_Service:Gemini error: 429 RESOURCE_EXHAUSTED. {'error': {'code': 429, 'message': 'You exceeded your current quota, please check your plan and billing details. For more information on this error, head to: https://ai.google.dev/gemini-api/docs/rate-limits. To monitor your current usage, head to: https://ai.dev/rate-limit. \n* Quota exceeded for metric: generativelanguage.googleapis.com/generate_content_free_tier_requests, limit: 5, model: gemini-2.5-flash\nPlease retry in 1.741052465s.', 'status': 'RESOURCE_EXHAUSTED', 'details': [{'@type': 'type.googleapis.com/google.rpc.Help', 'links': [{'description': 'Learn more about Gemini API quotas', 'url': 'https://ai.google.dev/gemini-api/docs/rate-limits'}]}, {'@type': 'type.googleapis.com/google.rpc.QuotaFailure', 'violations': [{'quotaMetric': 'generativelanguage.googleapis.com/generate_content_free_tier_requests', 'quotaId': 'GenerateRequestsPerMinutePerProjectPerModel-FreeTier', 'quotaDimensions': {'location': 'global', 'model': 'gemini-2.5-flash'}, 'quotaValue': '5'}]}, {'@type': 'type.googleapis.com/google.rpc.RetryInfo', 'retryDelay': '1s'}]}}
WARNING:src.services.Ai_Enrich_Service:Gemini key failed or expired, falling back to Ollama...
WARNING:src.services.Ai_Enrich_Service:Gemini error: 429 RESOURCE_EXHAUSTED. {'error': {'code': 429, 'message': 'You exceeded your current quota, please check your plan and billing details. For more information on this error, head to: https://ai.google.dev/gemini-api/docs/rate-limits. To monitor your current usage, head to: https://ai.dev/rate-limit. \n* Quota exceeded for metric: generativelanguage.googleapis.com/generate_content_free_tier_requests, limit: 5, model: gemini-2.5-flash\nPlease retry in 995.571555ms.', 'status': 'RESOURCE_EXHAUSTED', 'details': [{'@type': 'type.googleapis.com/google.rpc.Help', 'links': [{'description': 'Learn more about Gemini API quotas', 'url': 'https://ai.google.dev/gemini-api/docs/rate-limits'}]}, {'@type': 'type.googleapis.com/google.rpc.QuotaFailure', 'violations': [{'quotaMetric': 'generativelanguage.googleapis.com/generate_content_free_tier_requests', 'quotaId': 'GenerateRequestsPerMinutePerProjectPerModel-FreeTier', 'quotaDimensions': {'location': 'global', 'model': 'gemini-2.5-flash'}, 'quotaValue': '5'}]}, {'@type': 'type.googleapis.com/google.rpc.RetryInfo', 'retryDelay': '0s'}]}}
WARNING:src.services.Ai_Enrich_Service:Gemini key failed or expired, falling back to Ollama...
WARNING:src.services.Ai_Enrich_Service:Gemini error: 429 RESOURCE_EXHAUSTED. {'error': {'code': 429, 'message': 'You exceeded your current quota, please check your plan and billing details. For more information on this error, head to: https://ai.google.dev/gemini-api/docs/rate-limits. To monitor your current usage, head to: https://ai.dev/rate-limit. \n* Quota exceeded for metric: generativelanguage.googleapis.com/generate_content_free_tier_requests, limit: 5, model: gemini-2.5-flash\nPlease retry in 59.435049386s.', 'status': 'RESOURCE_EXHAUSTED', 'details': [{'@type': 'type.googleapis.com/google.rpc.Help', 'links': [{'description': 'Learn more about Gemini API quotas', 'url': 'https://ai.google.dev/gemini-api/docs/rate-limits'}]}, {'@type': 'type.googleapis.com/google.rpc.QuotaFailure', 'violations': [{'quotaMetric': 'generativelanguage.googleapis.com/generate_content_free_tier_requests', 'quotaId': 'GenerateRequestsPerMinutePerProjectPerModel-FreeTier', 'quotaDimensions': {'location': 'global', 'model': 'gemini-2.5-flash'}, 'quotaValue': '5'}]}, {'@type': 'type.googleapis.com/google.rpc.RetryInfo', 'retryDelay': '59s'}]}}
WARNING:src.services.Ai_Enrich_Service:Gemini key failed or expired, falling back to Ollama...
WARNING:src.services.Ai_Enrich_Service:Gemini error: 429 RESOURCE_EXHAUSTED. {'error': {'code': 429, 'message': 'You exceeded your current quota, please check your plan and billing details. For more information on this error, head to: https://ai.google.dev/gemini-api/docs/rate-limits. To monitor your current usage, head to: https://ai.dev/rate-limit. \n* Quota exceeded for metric: generativelanguage.googleapis.com/generate_content_free_tier_requests, limit: 5, model: gemini-2.5-flash\nPlease retry in 57.995488868s.', 'status': 'RESOURCE_EXHAUSTED', 'details': [{'@type': 'type.googleapis.com/google.rpc.Help', 'links': [{'description': 'Learn more about Gemini API quotas', 'url': 'https://ai.google.dev/gemini-api/docs/rate-limits'}]}, {'@type': 'type.googleapis.com/google.rpc.QuotaFailure', 'violations': [{'quotaMetric': 'generativelanguage.googleapis.com/generate_content_free_tier_requests', 'quotaId': 'GenerateRequestsPerMinutePerProjectPerModel-FreeTier', 'quotaDimensions': {'location': 'global', 'model': 'gemini-2.5-flash'}, 'quotaValue': '5'}]}, {'@type': 'type.googleapis.com/google.rpc.RetryInfo', 'retryDelay': '57s'}]}}
WARNING:src.services.Ai_Enrich_Service:Gemini key failed or expired, falling back to Ollama...
WARNING:src.services.Ai_Enrich_Service:Gemini error: 429 RESOURCE_EXHAUSTED. {'error': {'code': 429, 'message': 'You exceeded your current quota, please check your plan and billing details. For more information on this error, head to: https://ai.google.dev/gemini-api/docs/rate-limits. To monitor your current usage, head to: https://ai.dev/rate-limit. \n* Quota exceeded for metric: generativelanguage.googleapis.com/generate_content_free_tier_requests, limit: 5, model: gemini-2.5-flash\nPlease retry in 56.275400649s.', 'status': 'RESOURCE_EXHAUSTED', 'details': [{'@type': 'type.googleapis.com/google.rpc.Help', 'links': [{'description': 'Learn more about Gemini API quotas', 'url': 'https://ai.google.dev/gemini-api/docs/rate-limits'}]}, {'@type': 'type.googleapis.com/google.rpc.QuotaFailure', 'violations': [{'quotaMetric': 'generativelanguage.googleapis.com/generate_content_free_tier_requests', 'quotaId': 'GenerateRequestsPerMinutePerProjectPerModel-FreeTier', 'quotaDimensions': {'location': 'global', 'model': 'gemini-2.5-flash'}, 'quotaValue': '5'}]}, {'@type': 'type.googleapis.com/google.rpc.RetryInfo', 'retryDelay': '56s'}]}}
WARNING:src.services.Ai_Enrich_Service:Gemini key failed or expired, falling back to Ollama...
WARNING:src.services.Ai_Enrich_Service:Gemini error: 429 RESOURCE_EXHAUSTED. {'error': {'code': 429, 'message': 'You exceeded your current quota, please check your plan and billing details. For more information on this error, head to: https://ai.google.dev/gemini-api/docs/rate-limits. To monitor your current usage, head to: https://ai.dev/rate-limit. \n* Quota exceeded for metric: generativelanguage.googleapis.com/generate_content_free_tier_requests, limit: 5, model: gemini-2.5-flash\nPlease retry in 55.010330316s.', 'status': 'RESOURCE_EXHAUSTED', 'details': [{'@type': 'type.googleapis.com/google.rpc.Help', 'links': [{'description': 'Learn more about Gemini API quotas', 'url': 'https://ai.google.dev/gemini-api/docs/rate-limits'}]}, {'@type': 'type.googleapis.com/google.rpc.QuotaFailure', 'violations': [{'quotaMetric': 'generativelanguage.googleapis.com/generate_content_free_tier_requests', 'quotaId': 'GenerateRequestsPerMinutePerProjectPerModel-FreeTier', 'quotaDimensions': {'location': 'global', 'model': 'gemini-2.5-flash'}, 'quotaValue': '5'}]}, {'@type': 'type.googleapis.com/google.rpc.RetryInfo', 'retryDelay': '55s'}]}}
WARNING:src.services.Ai_Enrich_Service:Gemini key failed or expired, falling back to Ollama...
WARNING:src.services.Ai_Enrich_Service:Gemini error: 429 RESOURCE_EXHAUSTED. {'error': {'code': 429, 'message': 'You exceeded your current quota, please check your plan and billing details. For more information on this error, head to: https://ai.google.dev/gemini-api/docs/rate-limits. To monitor your current usage, head to: https://ai.dev/rate-limit. \n* Quota exceeded for metric: generativelanguage.googleapis.com/generate_content_free_tier_requests, limit: 5, model: gemini-2.5-flash\nPlease retry in 54.032228067s.', 'status': 'RESOURCE_EXHAUSTED', 'details': [{'@type': 'type.googleapis.com/google.rpc.Help', 'links': [{'description': 'Learn more about Gemini API quotas', 'url': 'https://ai.google.dev/gemini-api/docs/rate-limits'}]}, {'@type': 'type.googleapis.com/google.rpc.QuotaFailure', 'violations': [{'quotaMetric': 'generativelanguage.googleapis.com/generate_content_free_tier_requests', 'quotaId': 'GenerateRequestsPerMinutePerProjectPerModel-FreeTier', 'quotaDimensions': {'location': 'global', 'model': 'gemini-2.5-flash'}, 'quotaValue': '5'}]}, {'@type': 'type.googleapis.com/google.rpc.RetryInfo', 'retryDelay': '54s'}]}}
WARNING:src.services.Ai_Enrich_Service:Gemini key failed or expired, falling back to Ollama...
WARNING:src.services.Ai_Enrich_Service:Gemini error: 429 RESOURCE_EXHAUSTED. {'error': {'code': 429, 'message': 'You exceeded your current quota, please check your plan and billing details. For more information on this error, head to: https://ai.google.dev/gemini-api/docs/rate-limits. To monitor your current usage, head to: https://ai.dev/rate-limit. \n* Quota exceeded for metric: generativelanguage.googleapis.com/generate_content_free_tier_requests, limit: 5, model: gemini-2.5-flash\nPlease retry in 51.242175184s.', 'status': 'RESOURCE_EXHAUSTED', 'details': [{'@type': 'type.googleapis.com/google.rpc.Help', 'links': [{'description': 'Learn more about Gemini API quotas', 'url': 'https://ai.google.dev/gemini-api/docs/rate-limits'}]}, {'@type': 'type.googleapis.com/google.rpc.QuotaFailure', 'violations': [{'quotaMetric': 'generativelanguage.googleapis.com/generate_content_free_tier_requests', 'quotaId': 'GenerateRequestsPerMinutePerProjectPerModel-FreeTier', 'quotaDimensions': {'location': 'global', 'model': 'gemini-2.5-flash'}, 'quotaValue': '5'}]}, {'@type': 'type.googleapis.com/google.rpc.RetryInfo', 'retryDelay': '51s'}]}}
WARNING:src.services.Ai_Enrich_Service:Gemini key failed or expired, falling back to Ollama...
WARNING:src.services.Ai_Enrich_Service:Gemini error: 429 RESOURCE_EXHAUSTED. {'error': {'code': 429, 'message': 'You exceeded your current quota, please check your plan and billing details. For more information on this error, head to: https://ai.google.dev/gemini-api/docs/rate-limits. To monitor your current usage, head to: https://ai.dev/rate-limit. \n* Quota exceeded for metric: generativelanguage.googleapis.com/generate_content_free_tier_requests, limit: 5, model: gemini-2.5-flash\nPlease retry in 50.374652603s.', 'status': 'RESOURCE_EXHAUSTED', 'details': [{'@type': 'type.googleapis.com/google.rpc.Help', 'links': [{'description': 'Learn more about Gemini API quotas', 'url': 'https://ai.google.dev/gemini-api/docs/rate-limits'}]}, {'@type': 'type.googleapis.com/google.rpc.QuotaFailure', 'violations': [{'quotaMetric': 'generativelanguage.googleapis.com/generate_content_free_tier_requests', 'quotaId': 'GenerateRequestsPerMinutePerProjectPerModel-FreeTier', 'quotaDimensions': {'location': 'global', 'model': 'gemini-2.5-flash'}, 'quotaValue': '5'}]}, {'@type': 'type.googleapis.com/google.rpc.RetryInfo', 'retryDelay': '50s'}]}}
WARNING:src.services.Ai_Enrich_Service:Gemini key failed or expired, falling back to Ollama...
WARNING:src.services.Ai_Enrich_Service:Gemini error: Unterminated string starting at: line 1 column 56 (char 55)
WARNING:src.services.Ai_Enrich_Service:Gemini key failed or expired, falling back to Ollama...
WARNING:src.services.Ai_Enrich_Service:Gemini error: Unterminated string starting at: line 4 column 5 (char 35)
WARNING:src.services.Ai_Enrich_Service:Gemini key failed or expired, falling back to Ollama...
WARNING:src.services.Ai_Enrich_Service:Gemini error: Unterminated string starting at: line 4 column 5 (char 35)
WARNING:src.services.Ai_Enrich_Service:Gemini key failed or expired, falling back to Ollama...
WARNING:src.services.Ai_Enrich_Service:Gemini error: Expecting value: line 4 column 18 (char 44)
WARNING:src.services.Ai_Enrich_Service:Gemini key failed or expired, falling back to Ollama...
WARNING:src.services.Ai_Enrich_Service:Gemini error: Expecting value: line 4 column 12 (char 42)
WARNING:src.services.Ai_Enrich_Service:Gemini key failed or expired, falling back to Ollama...
WARNING:src.services.Ai_Enrich_Service:Gemini error: 429 RESOURCE_EXHAUSTED. {'error': {'code': 429, 'message': 'You exceeded your current quota, please check your plan and billing details. For more information on this error, head to: https://ai.google.dev/gemini-api/docs/rate-limits. To monitor your current usage, head to: https://ai.dev/rate-limit. \n* Quota exceeded for metric: generativelanguage.googleapis.com/generate_content_free_tier_requests, limit: 5, model: gemini-2.5-flash\nPlease retry in 37.698511187s.', 'status': 'RESOURCE_EXHAUSTED', 'details': [{'@type': 'type.googleapis.com/google.rpc.Help', 'links': [{'description': 'Learn more about Gemini API quotas', 'url': 'https://ai.google.dev/gemini-api/docs/rate-limits'}]}, {'@type': 'type.googleapis.com/google.rpc.QuotaFailure', 'violations': [{'quotaMetric': 'generativelanguage.googleapis.com/generate_content_free_tier_requests', 'quotaId': 'GenerateRequestsPerMinutePerProjectPerModel-FreeTier', 'quotaDimensions': {'location': 'global', 'model': 'gemini-2.5-flash'}, 'quotaValue': '5'}]}, {'@type': 'type.googleapis.com/google.rpc.RetryInfo', 'retryDelay': '37s'}]}}
WARNING:src.services.Ai_Enrich_Service:Gemini key failed or expired, falling back to Ollama...
WARNING:src.services.Ai_Enrich_Service:Gemini error: 429 RESOURCE_EXHAUSTED. {'error': {'code': 429, 'message': 'You exceeded your current quota, please check your plan and billing details. For more information on this error, head to: https://ai.google.dev/gemini-api/docs/rate-limits. To monitor your current usage, head to: https://ai.dev/rate-limit. \n* Quota exceeded for metric: generativelanguage.googleapis.com/generate_content_free_tier_requests, limit: 5, model: gemini-2.5-flash\nPlease retry in 37.316934453s.', 'status': 'RESOURCE_EXHAUSTED', 'details': [{'@type': 'type.googleapis.com/google.rpc.Help', 'links': [{'description': 'Learn more about Gemini API quotas', 'url': 'https://ai.google.dev/gemini-api/docs/rate-limits'}]}, {'@type': 'type.googleapis.com/google.rpc.QuotaFailure', 'violations': [{'quotaMetric': 'generativelanguage.googleapis.com/generate_content_free_tier_requests', 'quotaId': 'GenerateRequestsPerMinutePerProjectPerModel-FreeTier', 'quotaDimensions': {'model': 'gemini-2.5-flash', 'location': 'global'}, 'quotaValue': '5'}]}, {'@type': 'type.googleapis.com/google.rpc.RetryInfo', 'retryDelay': '37s'}]}}
WARNING:src.services.Ai_Enrich_Service:Gemini key failed or expired, falling back to Ollama...
WARNING:src.services.Ai_Enrich_Service:Gemini error: 429 RESOURCE_EXHAUSTED. {'error': {'code': 429, 'message': 'You exceeded your current quota, please check your plan and billing details. For more information on this error, head to: https://ai.google.dev/gemini-api/docs/rate-limits. To monitor your current usage, head to: https://ai.dev/rate-limit. \n* Quota exceeded for metric: generativelanguage.googleapis.com/generate_content_free_tier_requests, limit: 5, model: gemini-2.5-flash\nPlease retry in 35.430140271s.', 'status': 'RESOURCE_EXHAUSTED', 'details': [{'@type': 'type.googleapis.com/google.rpc.Help', 'links': [{'description': 'Learn more about Gemini API quotas', 'url': 'https://ai.google.dev/gemini-api/docs/rate-limits'}]}, {'@type': 'type.googleapis.com/google.rpc.QuotaFailure', 'violations': [{'quotaMetric': 'generativelanguage.googleapis.com/generate_content_free_tier_requests', 'quotaId': 'GenerateRequestsPerMinutePerProjectPerModel-FreeTier', 'quotaDimensions': {'location': 'global', 'model': 'gemini-2.5-flash'}, 'quotaValue': '5'}]}, {'@type': 'type.googleapis.com/google.rpc.RetryInfo', 'retryDelay': '35s'}]}}
WARNING:src.services.Ai_Enrich_Service:Gemini key failed or expired, falling back to Ollama...
WARNING:src.services.Ai_Enrich_Service:Gemini error: 429 RESOURCE_EXHAUSTED. {'error': {'code': 429, 'message': 'You exceeded your current quota, please check your plan and billing details. For more information on this error, head to: https://ai.google.dev/gemini-api/docs/rate-limits. To monitor your current usage, head to: https://ai.dev/rate-limit. \n* Quota exceeded for metric: generativelanguage.googleapis.com/generate_content_free_tier_requests, limit: 5, model: gemini-2.5-flash\nPlease retry in 34.616714138s.', 'status': 'RESOURCE_EXHAUSTED', 'details': [{'@type': 'type.googleapis.com/google.rpc.Help', 'links': [{'description': 'Learn more about Gemini API quotas', 'url': 'https://ai.google.dev/gemini-api/docs/rate-limits'}]}, {'@type': 'type.googleapis.com/google.rpc.QuotaFailure', 'violations': [{'quotaMetric': 'generativelanguage.googleapis.com/generate_content_free_tier_requests', 'quotaId': 'GenerateRequestsPerMinutePerProjectPerModel-FreeTier', 'quotaDimensions': {'location': 'global', 'model': 'gemini-2.5-flash'}, 'quotaValue': '5'}]}, {'@type': 'type.googleapis.com/google.rpc.RetryInfo', 'retryDelay': '34s'}]}}
WARNING:src.services.Ai_Enrich_Service:Gemini key failed or expired, falling back to Ollama...
WARNING:src.services.Ai_Enrich_Service:Gemini error: 429 RESOURCE_EXHAUSTED. {'error': {'code': 429, 'message': 'You exceeded your current quota, please check your plan and billing details. For more information on this error, head to: https://ai.google.dev/gemini-api/docs/rate-limits. To monitor your current usage, head to: https://ai.dev/rate-limit. \n* Quota exceeded for metric: generativelanguage.googleapis.com/generate_content_free_tier_requests, limit: 5, model: gemini-2.5-flash\nPlease retry in 33.184548953s.', 'status': 'RESOURCE_EXHAUSTED', 'details': [{'@type': 'type.googleapis.com/google.rpc.Help', 'links': [{'description': 'Learn more about Gemini API quotas', 'url': 'https://ai.google.dev/gemini-api/docs/rate-limits'}]}, {'@type': 'type.googleapis.com/google.rpc.QuotaFailure', 'violations': [{'quotaMetric': 'generativelanguage.googleapis.com/generate_content_free_tier_requests', 'quotaId': 'GenerateRequestsPerMinutePerProjectPerModel-FreeTier', 'quotaDimensions': {'location': 'global', 'model': 'gemini-2.5-flash'}, 'quotaValue': '5'}]}, {'@type': 'type.googleapis.com/google.rpc.RetryInfo', 'retryDelay': '33s'}]}}
WARNING:src.services.Ai_Enrich_Service:Gemini key failed or expired, falling back to Ollama...
WARNING:src.services.Ai_Enrich_Service:Gemini error: 429 RESOURCE_EXHAUSTED. {'error': {'code': 429, 'message': 'You exceeded your current quota, please check your plan and billing details. For more information on this error, head to: https://ai.google.dev/gemini-api/docs/rate-limits. To monitor your current usage, head to: https://ai.dev/rate-limit. \n* Quota exceeded for metric: generativelanguage.googleapis.com/generate_content_free_tier_requests, limit: 5, model: gemini-2.5-flash\nPlease retry in 31.795196881s.', 'status': 'RESOURCE_EXHAUSTED', 'details': [{'@type': 'type.googleapis.com/google.rpc.Help', 'links': [{'description': 'Learn more about Gemini API quotas', 'url': 'https://ai.google.dev/gemini-api/docs/rate-limits'}]}, {'@type': 'type.googleapis.com/google.rpc.QuotaFailure', 'violations': [{'quotaMetric': 'generativelanguage.googleapis.com/generate_content_free_tier_requests', 'quotaId': 'GenerateRequestsPerMinutePerProjectPerModel-FreeTier', 'quotaDimensions': {'model': 'gemini-2.5-flash', 'location': 'global'}, 'quotaValue': '5'}]}, {'@type': 'type.googleapis.com/google.rpc.RetryInfo', 'retryDelay': '31s'}]}}
WARNING:src.services.Ai_Enrich_Service:Gemini key failed or expired, falling back to Ollama...
WARNING:src.services.Ai_Enrich_Service:Gemini error: 429 RESOURCE_EXHAUSTED. {'error': {'code': 429, 'message': 'You exceeded your current quota, please check your plan and billing details. For more information on this error, head to: https://ai.google.dev/gemini-api/docs/rate-limits. To monitor your current usage, head to: https://ai.dev/rate-limit. \n* Quota exceeded for metric: generativelanguage.googleapis.com/generate_content_free_tier_requests, limit: 5, model: gemini-2.5-flash\nPlease retry in 30.15956183s.', 'status': 'RESOURCE_EXHAUSTED', 'details': [{'@type': 'type.googleapis.com/google.rpc.Help', 'links': [{'description': 'Learn more about Gemini API quotas', 'url': 'https://ai.google.dev/gemini-api/docs/rate-limits'}]}, {'@type': 'type.googleapis.com/google.rpc.QuotaFailure', 'violations': [{'quotaMetric': 'generativelanguage.googleapis.com/generate_content_free_tier_requests', 'quotaId': 'GenerateRequestsPerMinutePerProjectPerModel-FreeTier', 'quotaDimensions': {'location': 'global', 'model': 'gemini-2.5-flash'}, 'quotaValue': '5'}]}, {'@type': 'type.googleapis.com/google.rpc.RetryInfo', 'retryDelay': '30s'}]}}
WARNING:src.services.Ai_Enrich_Service:Gemini key failed or expired, falling back to Ollama...
WARNING:src.services.Ai_Enrich_Service:Gemini error: 429 RESOURCE_EXHAUSTED. {'error': {'code': 429, 'message': 'You exceeded your current quota, please check your plan and billing details. For more information on this error, head to: https://ai.google.dev/gemini-api/docs/rate-limits. To monitor your current usage, head to: https://ai.dev/rate-limit. \n* Quota exceeded for metric: generativelanguage.googleapis.com/generate_content_free_tier_requests, limit: 5, model: gemini-2.5-flash\nPlease retry in 29.23061599s.', 'status': 'RESOURCE_EXHAUSTED', 'details': [{'@type': 'type.googleapis.com/google.rpc.Help', 'links': [{'description': 'Learn more about Gemini API quotas', 'url': 'https://ai.google.dev/gemini-api/docs/rate-limits'}]}, {'@type': 'type.googleapis.com/google.rpc.QuotaFailure', 'violations': [{'quotaMetric': 'generativelanguage.googleapis.com/generate_content_free_tier_requests', 'quotaId': 'GenerateRequestsPerMinutePerProjectPerModel-FreeTier', 'quotaDimensions': {'location': 'global', 'model': 'gemini-2.5-flash'}, 'quotaValue': '5'}]}, {'@type': 'type.googleapis.com/google.rpc.RetryInfo', 'retryDelay': '29s'}]}}
WARNING:src.services.Ai_Enrich_Service:Gemini key failed or expired, falling back to Ollama...
WARNING:src.services.Ai_Enrich_Service:Gemini error: 429 RESOURCE_EXHAUSTED. {'error': {'code': 429, 'message': 'You exceeded your current quota, please check your plan and billing details. For more information on this error, head to: https://ai.google.dev/gemini-api/docs/rate-limits. To monitor your current usage, head to: https://ai.dev/rate-limit. \n* Quota exceeded for metric: generativelanguage.googleapis.com/generate_content_free_tier_requests, limit: 5, model: gemini-2.5-flash\nPlease retry in 28.272013094s.', 'status': 'RESOURCE_EXHAUSTED', 'details': [{'@type': 'type.googleapis.com/google.rpc.Help', 'links': [{'description': 'Learn more about Gemini API quotas', 'url': 'https://ai.google.dev/gemini-api/docs/rate-limits'}]}, {'@type': 'type.googleapis.com/google.rpc.QuotaFailure', 'violations': [{'quotaMetric': 'generativelanguage.googleapis.com/generate_content_free_tier_requests', 'quotaId': 'GenerateRequestsPerMinutePerProjectPerModel-FreeTier', 'quotaDimensions': {'model': 'gemini-2.5-flash', 'location': 'global'}, 'quotaValue': '5'}]}, {'@type': 'type.googleapis.com/google.rpc.RetryInfo', 'retryDelay': '28s'}]}}
WARNING:src.services.Ai_Enrich_Service:Gemini key failed or expired, falling back to Ollama...
WARNING:src.services.Ai_Enrich_Service:Gemini error: 429 RESOURCE_EXHAUSTED. {'error': {'code': 429, 'message': 'You exceeded your current quota, please check your plan and billing details. For more information on this error, head to: https://ai.google.dev/gemini-api/docs/rate-limits. To monitor your current usage, head to: https://ai.dev/rate-limit. \n* Quota exceeded for metric: generativelanguage.googleapis.com/generate_content_free_tier_requests, limit: 5, model: gemini-2.5-flash\nPlease retry in 27.227040925s.', 'status': 'RESOURCE_EXHAUSTED', 'details': [{'@type': 'type.googleapis.com/google.rpc.Help', 'links': [{'description': 'Learn more about Gemini API quotas', 'url': 'https://ai.google.dev/gemini-api/docs/rate-limits'}]}, {'@type': 'type.googleapis.com/google.rpc.QuotaFailure', 'violations': [{'quotaMetric': 'generativelanguage.googleapis.com/generate_content_free_tier_requests', 'quotaId': 'GenerateRequestsPerMinutePerProjectPerModel-FreeTier', 'quotaDimensions': {'location': 'global', 'model': 'gemini-2.5-flash'}, 'quotaValue': '5'}]}, {'@type': 'type.googleapis.com/google.rpc.RetryInfo', 'retryDelay': '27s'}]}}
WARNING:src.services.Ai_Enrich_Service:Gemini key failed or expired, falling back to Ollama...
WARNING:src.services.Ai_Enrich_Service:Gemini error: 429 RESOURCE_EXHAUSTED. {'error': {'code': 429, 'message': 'You exceeded your current quota, please check your plan and billing details. For more information on this error, head to: https://ai.google.dev/gemini-api/docs/rate-limits. To monitor your current usage, head to: https://ai.dev/rate-limit. \n* Quota exceeded for metric: generativelanguage.googleapis.com/generate_content_free_tier_requests, limit: 5, model: gemini-2.5-flash\nPlease retry in 25.328216079s.', 'status': 'RESOURCE_EXHAUSTED', 'details': [{'@type': 'type.googleapis.com/google.rpc.Help', 'links': [{'description': 'Learn more about Gemini API quotas', 'url': 'https://ai.google.dev/gemini-api/docs/rate-limits'}]}, {'@type': 'type.googleapis.com/google.rpc.QuotaFailure', 'violations': [{'quotaMetric': 'generativelanguage.googleapis.com/generate_content_free_tier_requests', 'quotaId': 'GenerateRequestsPerMinutePerProjectPerModel-FreeTier', 'quotaDimensions': {'model': 'gemini-2.5-flash', 'location': 'global'}, 'quotaValue': '5'}]}, {'@type': 'type.googleapis.com/google.rpc.RetryInfo', 'retryDelay': '25s'}]}}
WARNING:src.services.Ai_Enrich_Service:Gemini key failed or expired, falling back to Ollama...
WARNING:src.services.Ai_Enrich_Service:Gemini error: 429 RESOURCE_EXHAUSTED. {'error': {'code': 429, 'message': 'You exceeded your current quota, please check your plan and billing details. For more information on this error, head to: https://ai.google.dev/gemini-api/docs/rate-limits. To monitor your current usage, head to: https://ai.dev/rate-limit. \n* Quota exceeded for metric: generativelanguage.googleapis.com/generate_content_free_tier_requests, limit: 5, model: gemini-2.5-flash\nPlease retry in 24.432435999s.', 'status': 'RESOURCE_EXHAUSTED', 'details': [{'@type': 'type.googleapis.com/google.rpc.Help', 'links': [{'description': 'Learn more about Gemini API quotas', 'url': 'https://ai.google.dev/gemini-api/docs/rate-limits'}]}, {'@type': 'type.googleapis.com/google.rpc.QuotaFailure', 'violations': [{'quotaMetric': 'generativelanguage.googleapis.com/generate_content_free_tier_requests', 'quotaId': 'GenerateRequestsPerMinutePerProjectPerModel-FreeTier', 'quotaDimensions': {'location': 'global', 'model': 'gemini-2.5-flash'}, 'quotaValue': '5'}]}, {'@type': 'type.googleapis.com/google.rpc.RetryInfo', 'retryDelay': '24s'}]}}
WARNING:src.services.Ai_Enrich_Service:Gemini key failed or expired, falling back to Ollama...
WARNING:src.services.Ai_Enrich_Service:Gemini error: 429 RESOURCE_EXHAUSTED. {'error': {'code': 429, 'message': 'You exceeded your current quota, please check your plan and billing details. For more information on this error, head to: https://ai.google.dev/gemini-api/docs/rate-limits. To monitor your current usage, head to: https://ai.dev/rate-limit. \n* Quota exceeded for metric: generativelanguage.googleapis.com/generate_content_free_tier_requests, limit: 5, model: gemini-2.5-flash\nPlease retry in 23.628014428s.', 'status': 'RESOURCE_EXHAUSTED', 'details': [{'@type': 'type.googleapis.com/google.rpc.Help', 'links': [{'description': 'Learn more about Gemini API quotas', 'url': 'https://ai.google.dev/gemini-api/docs/rate-limits'}]}, {'@type': 'type.googleapis.com/google.rpc.QuotaFailure', 'violations': [{'quotaMetric': 'generativelanguage.googleapis.com/generate_content_free_tier_requests', 'quotaId': 'GenerateRequestsPerMinutePerProjectPerModel-FreeTier', 'quotaDimensions': {'model': 'gemini-2.5-flash', 'location': 'global'}, 'quotaValue': '5'}]}, {'@type': 'type.googleapis.com/google.rpc.RetryInfo', 'retryDelay': '23s'}]}}
WARNING:src.services.Ai_Enrich_Service:Gemini key failed or expired, falling back to Ollama...
WARNING:src.services.Ai_Enrich_Service:Gemini error: 429 RESOURCE_EXHAUSTED. {'error': {'code': 429, 'message': 'You exceeded your current quota, please check your plan and billing details. For more information on this error, head to: https://ai.google.dev/gemini-api/docs/rate-limits. To monitor your current usage, head to: https://ai.dev/rate-limit. \n* Quota exceeded for metric: generativelanguage.googleapis.com/generate_content_free_tier_requests, limit: 5, model: gemini-2.5-flash\nPlease retry in 22.744386702s.', 'status': 'RESOURCE_EXHAUSTED', 'details': [{'@type': 'type.googleapis.com/google.rpc.Help', 'links': [{'description': 'Learn more about Gemini API quotas', 'url': 'https://ai.google.dev/gemini-api/docs/rate-limits'}]}, {'@type': 'type.googleapis.com/google.rpc.QuotaFailure', 'violations': [{'quotaMetric': 'generativelanguage.googleapis.com/generate_content_free_tier_requests', 'quotaId': 'GenerateRequestsPerMinutePerProjectPerModel-FreeTier', 'quotaDimensions': {'location': 'global', 'model': 'gemini-2.5-flash'}, 'quotaValue': '5'}]}, {'@type': 'type.googleapis.com/google.rpc.RetryInfo', 'retryDelay': '22s'}]}}
WARNING:src.services.Ai_Enrich_Service:Gemini key failed or expired, falling back to Ollama...
WARNING:src.services.Ai_Enrich_Service:Gemini error: 429 RESOURCE_EXHAUSTED. {'error': {'code': 429, 'message': 'You exceeded your current quota, please check your plan and billing details. For more information on this error, head to: https://ai.google.dev/gemini-api/docs/rate-limits. To monitor your current usage, head to: https://ai.dev/rate-limit. \n* Quota exceeded for metric: generativelanguage.googleapis.com/generate_content_free_tier_requests, limit: 5, model: gemini-2.5-flash\nPlease retry in 21.59631945s.', 'status': 'RESOURCE_EXHAUSTED', 'details': [{'@type': 'type.googleapis.com/google.rpc.Help', 'links': [{'description': 'Learn more about Gemini API quotas', 'url': 'https://ai.google.dev/gemini-api/docs/rate-limits'}]}, {'@type': 'type.googleapis.com/google.rpc.QuotaFailure', 'violations': [{'quotaMetric': 'generativelanguage.googleapis.com/generate_content_free_tier_requests', 'quotaId': 'GenerateRequestsPerMinutePerProjectPerModel-FreeTier', 'quotaDimensions': {'location': 'global', 'model': 'gemini-2.5-flash'}, 'quotaValue': '5'}]}, {'@type': 'type.googleapis.com/google.rpc.RetryInfo', 'retryDelay': '21s'}]}}
WARNING:src.services.Ai_Enrich_Service:Gemini key failed or expired, falling back to Ollama...
WARNING:src.services.Ai_Enrich_Service:Gemini error: 429 RESOURCE_EXHAUSTED. {'error': {'code': 429, 'message': 'You exceeded your current quota, please check your plan and billing details. For more information on this error, head to: https://ai.google.dev/gemini-api/docs/rate-limits. To monitor your current usage, head to: https://ai.dev/rate-limit. \n* Quota exceeded for metric: generativelanguage.googleapis.com/generate_content_free_tier_requests, limit: 5, model: gemini-2.5-flash\nPlease retry in 20.520175901s.', 'status': 'RESOURCE_EXHAUSTED', 'details': [{'@type': 'type.googleapis.com/google.rpc.Help', 'links': [{'description': 'Learn more about Gemini API quotas', 'url': 'https://ai.google.dev/gemini-api/docs/rate-limits'}]}, {'@type': 'type.googleapis.com/google.rpc.QuotaFailure', 'violations': [{'quotaMetric': 'generativelanguage.googleapis.com/generate_content_free_tier_requests', 'quotaId': 'GenerateRequestsPerMinutePerProjectPerModel-FreeTier', 'quotaDimensions': {'location': 'global', 'model': 'gemini-2.5-flash'}, 'quotaValue': '5'}]}, {'@type': 'type.googleapis.com/google.rpc.RetryInfo', 'retryDelay': '20s'}]}}
WARNING:src.services.Ai_Enrich_Service:Gemini key failed or expired, falling back to Ollama...
WARNING:src.services.Ai_Enrich_Service:Gemini error: 429 RESOURCE_EXHAUSTED. {'error': {'code': 429, 'message': 'You exceeded your current quota, please check your plan and billing details. For more information on this error, head to: https://ai.google.dev/gemini-api/docs/rate-limits. To monitor your current usage, head to: https://ai.dev/rate-limit. \n* Quota exceeded for metric: generativelanguage.googleapis.com/generate_content_free_tier_requests, limit: 5, model: gemini-2.5-flash\nPlease retry in 18.970003472s.', 'status': 'RESOURCE_EXHAUSTED', 'details': [{'@type': 'type.googleapis.com/google.rpc.Help', 'links': [{'description': 'Learn more about Gemini API quotas', 'url': 'https://ai.google.dev/gemini-api/docs/rate-limits'}]}, {'@type': 'type.googleapis.com/google.rpc.QuotaFailure', 'violations': [{'quotaMetric': 'generativelanguage.googleapis.com/generate_content_free_tier_requests', 'quotaId': 'GenerateRequestsPerMinutePerProjectPerModel-FreeTier', 'quotaDimensions': {'model': 'gemini-2.5-flash', 'location': 'global'}, 'quotaValue': '5'}]}, {'@type': 'type.googleapis.com/google.rpc.RetryInfo', 'retryDelay': '18s'}]}}
WARNING:src.services.Ai_Enrich_Service:Gemini key failed or expired, falling back to Ollama...
WARNING:src.services.Ai_Enrich_Service:Gemini error: 429 RESOURCE_EXHAUSTED. {'error': {'code': 429, 'message': 'You exceeded your current quota, please check your plan and billing details. For more information on this error, head to: https://ai.google.dev/gemini-api/docs/rate-limits. To monitor your current usage, head to: https://ai.dev/rate-limit. \n* Quota exceeded for metric: generativelanguage.googleapis.com/generate_content_free_tier_requests, limit: 5, model: gemini-2.5-flash\nPlease retry in 17.661319014s.', 'status': 'RESOURCE_EXHAUSTED', 'details': [{'@type': 'type.googleapis.com/google.rpc.Help', 'links': [{'description': 'Learn more about Gemini API quotas', 'url': 'https://ai.google.dev/gemini-api/docs/rate-limits'}]}, {'@type': 'type.googleapis.com/google.rpc.QuotaFailure', 'violations': [{'quotaMetric': 'generativelanguage.googleapis.com/generate_content_free_tier_requests', 'quotaId': 'GenerateRequestsPerMinutePerProjectPerModel-FreeTier', 'quotaDimensions': {'location': 'global', 'model': 'gemini-2.5-flash'}, 'quotaValue': '5'}]}, {'@type': 'type.googleapis.com/google.rpc.RetryInfo', 'retryDelay': '17s'}]}}
WARNING:src.services.Ai_Enrich_Service:Gemini key failed or expired, falling back to Ollama...
WARNING:src.services.Ai_Enrich_Service:Gemini error: 429 RESOURCE_EXHAUSTED. {'error': {'code': 429, 'message': 'You exceeded your current quota, please check your plan and billing details. For more information on this error, head to: https://ai.google.dev/gemini-api/docs/rate-limits. To monitor your current usage, head to: https://ai.dev/rate-limit. \n* Quota exceeded for metric: generativelanguage.googleapis.com/generate_content_free_tier_requests, limit: 5, model: gemini-2.5-flash\nPlease retry in 16.065154918s.', 'status': 'RESOURCE_EXHAUSTED', 'details': [{'@type': 'type.googleapis.com/google.rpc.Help', 'links': [{'description': 'Learn more about Gemini API quotas', 'url': 'https://ai.google.dev/gemini-api/docs/rate-limits'}]}, {'@type': 'type.googleapis.com/google.rpc.QuotaFailure', 'violations': [{'quotaMetric': 'generativelanguage.googleapis.com/generate_content_free_tier_requests', 'quotaId': 'GenerateRequestsPerMinutePerProjectPerModel-FreeTier', 'quotaDimensions': {'location': 'global', 'model': 'gemini-2.5-flash'}, 'quotaValue': '5'}]}, {'@type': 'type.googleapis.com/google.rpc.RetryInfo', 'retryDelay': '16s'}]}}
WARNING:src.services.Ai_Enrich_Service:Gemini key failed or expired, falling back to Ollama...
WARNING:src.services.Ai_Enrich_Service:Gemini error: 429 RESOURCE_EXHAUSTED. {'error': {'code': 429, 'message': 'You exceeded your current quota, please check your plan and billing details. For more information on this error, head to: https://ai.google.dev/gemini-api/docs/rate-limits. To monitor your current usage, head to: https://ai.dev/rate-limit. \n* Quota exceeded for metric: generativelanguage.googleapis.com/generate_content_free_tier_requests, limit: 5, model: gemini-2.5-flash\nPlease retry in 14.777483333s.', 'status': 'RESOURCE_EXHAUSTED', 'details': [{'@type': 'type.googleapis.com/google.rpc.Help', 'links': [{'description': 'Learn more about Gemini API quotas', 'url': 'https://ai.google.dev/gemini-api/docs/rate-limits'}]}, {'@type': 'type.googleapis.com/google.rpc.QuotaFailure', 'violations': [{'quotaMetric': 'generativelanguage.googleapis.com/generate_content_free_tier_requests', 'quotaId': 'GenerateRequestsPerMinutePerProjectPerModel-FreeTier', 'quotaDimensions': {'location': 'global', 'model': 'gemini-2.5-flash'}, 'quotaValue': '5'}]}, {'@type': 'type.googleapis.com/google.rpc.RetryInfo', 'retryDelay': '14s'}]}}
WARNING:src.services.Ai_Enrich_Service:Gemini key failed or expired, falling back to Ollama...
WARNING:src.services.Ai_Enrich_Service:Gemini error: 429 RESOURCE_EXHAUSTED. {'error': {'code': 429, 'message': 'You exceeded your current quota, please check your plan and billing details. For more information on this error, head to: https://ai.google.dev/gemini-api/docs/rate-limits. To monitor your current usage, head to: https://ai.dev/rate-limit. \n* Quota exceeded for metric: generativelanguage.googleapis.com/generate_content_free_tier_requests, limit: 5, model: gemini-2.5-flash\nPlease retry in 13.589129919s.', 'status': 'RESOURCE_EXHAUSTED', 'details': [{'@type': 'type.googleapis.com/google.rpc.Help', 'links': [{'description': 'Learn more about Gemini API quotas', 'url': 'https://ai.google.dev/gemini-api/docs/rate-limits'}]}, {'@type': 'type.googleapis.com/google.rpc.QuotaFailure', 'violations': [{'quotaMetric': 'generativelanguage.googleapis.com/generate_content_free_tier_requests', 'quotaId': 'GenerateRequestsPerMinutePerProjectPerModel-FreeTier', 'quotaDimensions': {'location': 'global', 'model': 'gemini-2.5-flash'}, 'quotaValue': '5'}]}, {'@type': 'type.googleapis.com/google.rpc.RetryInfo', 'retryDelay': '13s'}]}}
WARNING:src.services.Ai_Enrich_Service:Gemini key failed or expired, falling back to Ollama...
WARNING:src.services.Ai_Enrich_Service:Gemini error: 429 RESOURCE_EXHAUSTED. {'error': {'code': 429, 'message': 'You exceeded your current quota, please check your plan and billing details. For more information on this error, head to: https://ai.google.dev/gemini-api/docs/rate-limits. To monitor your current usage, head to: https://ai.dev/rate-limit. \n* Quota exceeded for metric: generativelanguage.googleapis.com/generate_content_free_tier_requests, limit: 5, model: gemini-2.5-flash\nPlease retry in 12.152521332s.', 'status': 'RESOURCE_EXHAUSTED', 'details': [{'@type': 'type.googleapis.com/google.rpc.Help', 'links': [{'description': 'Learn more about Gemini API quotas', 'url': 'https://ai.google.dev/gemini-api/docs/rate-limits'}]}, {'@type': 'type.googleapis.com/google.rpc.QuotaFailure', 'violations': [{'quotaMetric': 'generativelanguage.googleapis.com/generate_content_free_tier_requests', 'quotaId': 'GenerateRequestsPerMinutePerProjectPerModel-FreeTier', 'quotaDimensions': {'model': 'gemini-2.5-flash', 'location': 'global'}, 'quotaValue': '5'}]}, {'@type': 'type.googleapis.com/google.rpc.RetryInfo', 'retryDelay': '12s'}]}}
WARNING:src.services.Ai_Enrich_Service:Gemini key failed or expired, falling back to Ollama...
WARNING:src.services.Ai_Enrich_Service:Gemini error: 429 RESOURCE_EXHAUSTED. {'error': {'code': 429, 'message': 'You exceeded your current quota, please check your plan and billing details. For more information on this error, head to: https://ai.google.dev/gemini-api/docs/rate-limits. To monitor your current usage, head to: https://ai.dev/rate-limit. \n* Quota exceeded for metric: generativelanguage.googleapis.com/generate_content_free_tier_requests, limit: 5, model: gemini-2.5-flash\nPlease retry in 11.172103889s.', 'status': 'RESOURCE_EXHAUSTED', 'details': [{'@type': 'type.googleapis.com/google.rpc.Help', 'links': [{'description': 'Learn more about Gemini API quotas', 'url': 'https://ai.google.dev/gemini-api/docs/rate-limits'}]}, {'@type': 'type.googleapis.com/google.rpc.QuotaFailure', 'violations': [{'quotaMetric': 'generativelanguage.googleapis.com/generate_content_free_tier_requests', 'quotaId': 'GenerateRequestsPerMinutePerProjectPerModel-FreeTier', 'quotaDimensions': {'model': 'gemini-2.5-flash', 'location': 'global'}, 'quotaValue': '5'}]}, {'@type': 'type.googleapis.com/google.rpc.RetryInfo', 'retryDelay': '11s'}]}}
WARNING:src.services.Ai_Enrich_Service:Gemini key failed or expired, falling back to Ollama...
WARNING:src.services.Ai_Enrich_Service:Gemini error: 429 RESOURCE_EXHAUSTED. {'error': {'code': 429, 'message': 'You exceeded your current quota, please check your plan and billing details. For more information on this error, head to: https://ai.google.dev/gemini-api/docs/rate-limits. To monitor your current usage, head to: https://ai.dev/rate-limit. \n* Quota exceeded for metric: generativelanguage.googleapis.com/generate_content_free_tier_requests, limit: 5, model: gemini-2.5-flash\nPlease retry in 9.91686226s.', 'status': 'RESOURCE_EXHAUSTED', 'details': [{'@type': 'type.googleapis.com/google.rpc.Help', 'links': [{'description': 'Learn more about Gemini API quotas', 'url': 'https://ai.google.dev/gemini-api/docs/rate-limits'}]}, {'@type': 'type.googleapis.com/google.rpc.QuotaFailure', 'violations': [{'quotaMetric': 'generativelanguage.googleapis.com/generate_content_free_tier_requests', 'quotaId': 'GenerateRequestsPerMinutePerProjectPerModel-FreeTier', 'quotaDimensions': {'location': 'global', 'model': 'gemini-2.5-flash'}, 'quotaValue': '5'}]}, {'@type': 'type.googleapis.com/google.rpc.RetryInfo', 'retryDelay': '9s'}]}}
WARNING:src.services.Ai_Enrich_Service:Gemini key failed or expired, falling back to Ollama...
WARNING:src.services.Ai_Enrich_Service:Gemini error: 429 RESOURCE_EXHAUSTED. {'error': {'code': 429, 'message': 'You exceeded your current quota, please check your plan and billing details. For more information on this error, head to: https://ai.google.dev/gemini-api/docs/rate-limits. To monitor your current usage, head to: https://ai.dev/rate-limit. \n* Quota exceeded for metric: generativelanguage.googleapis.com/generate_content_free_tier_requests, limit: 5, model: gemini-2.5-flash\nPlease retry in 8.698365184s.', 'status': 'RESOURCE_EXHAUSTED', 'details': [{'@type': 'type.googleapis.com/google.rpc.Help', 'links': [{'description': 'Learn more about Gemini API quotas', 'url': 'https://ai.google.dev/gemini-api/docs/rate-limits'}]}, {'@type': 'type.googleapis.com/google.rpc.QuotaFailure', 'violations': [{'quotaMetric': 'generativelanguage.googleapis.com/generate_content_free_tier_requests', 'quotaId': 'GenerateRequestsPerMinutePerProjectPerModel-FreeTier', 'quotaDimensions': {'location': 'global', 'model': 'gemini-2.5-flash'}, 'quotaValue': '5'}]}, {'@type': 'type.googleapis.com/google.rpc.RetryInfo', 'retryDelay': '8s'}]}}
WARNING:src.services.Ai_Enrich_Service:Gemini key failed or expired, falling back to Ollama...
WARNING:src.services.Ai_Enrich_Service:Gemini error: 429 RESOURCE_EXHAUSTED. {'error': {'code': 429, 'message': 'You exceeded your current quota, please check your plan and billing details. For more information on this error, head to: https://ai.google.dev/gemini-api/docs/rate-limits. To monitor your current usage, head to: https://ai.dev/rate-limit. \n* Quota exceeded for metric: generativelanguage.googleapis.com/generate_content_free_tier_requests, limit: 5, model: gemini-2.5-flash\nPlease retry in 7.896322808s.', 'status': 'RESOURCE_EXHAUSTED', 'details': [{'@type': 'type.googleapis.com/google.rpc.Help', 'links': [{'description': 'Learn more about Gemini API quotas', 'url': 'https://ai.google.dev/gemini-api/docs/rate-limits'}]}, {'@type': 'type.googleapis.com/google.rpc.QuotaFailure', 'violations': [{'quotaMetric': 'generativelanguage.googleapis.com/generate_content_free_tier_requests', 'quotaId': 'GenerateRequestsPerMinutePerProjectPerModel-FreeTier', 'quotaDimensions': {'location': 'global', 'model': 'gemini-2.5-flash'}, 'quotaValue': '5'}]}, {'@type': 'type.googleapis.com/google.rpc.RetryInfo', 'retryDelay': '7s'}]}}
WARNING:src.services.Ai_Enrich_Service:Gemini key failed or expired, falling back to Ollama...
WARNING:src.services.Ai_Enrich_Service:Gemini error: 429 RESOURCE_EXHAUSTED. {'error': {'code': 429, 'message': 'You exceeded your current quota, please check your plan and billing details. For more information on this error, head to: https://ai.google.dev/gemini-api/docs/rate-limits. To monitor your current usage, head to: https://ai.dev/rate-limit. \n* Quota exceeded for metric: generativelanguage.googleapis.com/generate_content_free_tier_requests, limit: 5, model: gemini-2.5-flash\nPlease retry in 6.948573928s.', 'status': 'RESOURCE_EXHAUSTED', 'details': [{'@type': 'type.googleapis.com/google.rpc.Help', 'links': [{'description': 'Learn more about Gemini API quotas', 'url': 'https://ai.google.dev/gemini-api/docs/rate-limits'}]}, {'@type': 'type.googleapis.com/google.rpc.QuotaFailure', 'violations': [{'quotaMetric': 'generativelanguage.googleapis.com/generate_content_free_tier_requests', 'quotaId': 'GenerateRequestsPerMinutePerProjectPerModel-FreeTier', 'quotaDimensions': {'location': 'global', 'model': 'gemini-2.5-flash'}, 'quotaValue': '5'}]}, {'@type': 'type.googleapis.com/google.rpc.RetryInfo', 'retryDelay': '6s'}]}}
WARNING:src.services.Ai_Enrich_Service:Gemini key failed or expired, falling back to Ollama...
WARNING:src.services.Ai_Enrich_Service:Gemini error: 429 RESOURCE_EXHAUSTED. {'error': {'code': 429, 'message': 'You exceeded your current quota, please check your plan and billing details. For more information on this error, head to: https://ai.google.dev/gemini-api/docs/rate-limits. To monitor your current usage, head to: https://ai.dev/rate-limit. \n* Quota exceeded for metric: generativelanguage.googleapis.com/generate_content_free_tier_requests, limit: 5, model: gemini-2.5-flash\nPlease retry in 5.781197599s.', 'status': 'RESOURCE_EXHAUSTED', 'details': [{'@type': 'type.googleapis.com/google.rpc.Help', 'links': [{'description': 'Learn more about Gemini API quotas', 'url': 'https://ai.google.dev/gemini-api/docs/rate-limits'}]}, {'@type': 'type.googleapis.com/google.rpc.QuotaFailure', 'violations': [{'quotaMetric': 'generativelanguage.googleapis.com/generate_content_free_tier_requests', 'quotaId': 'GenerateRequestsPerMinutePerProjectPerModel-FreeTier', 'quotaDimensions': {'location': 'global', 'model': 'gemini-2.5-flash'}, 'quotaValue': '5'}]}, {'@type': 'type.googleapis.com/google.rpc.RetryInfo', 'retryDelay': '5s'}]}}
WARNING:src.services.Ai_Enrich_Service:Gemini key failed or expired, falling back to Ollama...
WARNING:src.services.Ai_Enrich_Service:Gemini error: 429 RESOURCE_EXHAUSTED. {'error': {'code': 429, 'message': 'You exceeded your current quota, please check your plan and billing details. For more information on this error, head to: https://ai.google.dev/gemini-api/docs/rate-limits. To monitor your current usage, head to: https://ai.dev/rate-limit. \n* Quota exceeded for metric: generativelanguage.googleapis.com/generate_content_free_tier_requests, limit: 5, model: gemini-2.5-flash\nPlease retry in 4.813498633s.', 'status': 'RESOURCE_EXHAUSTED', 'details': [{'@type': 'type.googleapis.com/google.rpc.Help', 'links': [{'description': 'Learn more about Gemini API quotas', 'url': 'https://ai.google.dev/gemini-api/docs/rate-limits'}]}, {'@type': 'type.googleapis.com/google.rpc.QuotaFailure', 'violations': [{'quotaMetric': 'generativelanguage.googleapis.com/generate_content_free_tier_requests', 'quotaId': 'GenerateRequestsPerMinutePerProjectPerModel-FreeTier', 'quotaDimensions': {'model': 'gemini-2.5-flash', 'location': 'global'}, 'quotaValue': '5'}]}, {'@type': 'type.googleapis.com/google.rpc.RetryInfo', 'retryDelay': '4s'}]}}
WARNING:src.services.Ai_Enrich_Service:Gemini key failed or expired, falling back to Ollama...
WARNING:src.services.Ai_Enrich_Service:Gemini error: 429 RESOURCE_EXHAUSTED. {'error': {'code': 429, 'message': 'You exceeded your current quota, please check your plan and billing details. For more information on this error, head to: https://ai.google.dev/gemini-api/docs/rate-limits. To monitor your current usage, head to: https://ai.dev/rate-limit. \n* Quota exceeded for metric: generativelanguage.googleapis.com/generate_content_free_tier_requests, limit: 5, model: gemini-2.5-flash\nPlease retry in 2.473999605s.', 'status': 'RESOURCE_EXHAUSTED', 'details': [{'@type': 'type.googleapis.com/google.rpc.Help', 'links': [{'description': 'Learn more about Gemini API quotas', 'url': 'https://ai.google.dev/gemini-api/docs/rate-limits'}]}, {'@type': 'type.googleapis.com/google.rpc.QuotaFailure', 'violations': [{'quotaMetric': 'generativelanguage.googleapis.com/generate_content_free_tier_requests', 'quotaId': 'GenerateRequestsPerMinutePerProjectPerModel-FreeTier', 'quotaDimensions': {'model': 'gemini-2.5-flash', 'location': 'global'}, 'quotaValue': '5'}]}, {'@type': 'type.googleapis.com/google.rpc.RetryInfo', 'retryDelay': '2s'}]}}
WARNING:src.services.Ai_Enrich_Service:Gemini key failed or expired, falling back to Ollama...
WARNING:src.services.Ai_Enrich_Service:Gemini error: 429 RESOURCE_EXHAUSTED. {'error': {'code': 429, 'message': 'You exceeded your current quota, please check your plan and billing details. For more information on this error, head to: https://ai.google.dev/gemini-api/docs/rate-limits. To monitor your current usage, head to: https://ai.dev/rate-limit. \n* Quota exceeded for metric: generativelanguage.googleapis.com/generate_content_free_tier_requests, limit: 5, model: gemini-2.5-flash\nPlease retry in 1.334024424s.', 'status': 'RESOURCE_EXHAUSTED', 'details': [{'@type': 'type.googleapis.com/google.rpc.Help', 'links': [{'description': 'Learn more about Gemini API quotas', 'url': 'https://ai.google.dev/gemini-api/docs/rate-limits'}]}, {'@type': 'type.googleapis.com/google.rpc.QuotaFailure', 'violations': [{'quotaMetric': 'generativelanguage.googleapis.com/generate_content_free_tier_requests', 'quotaId': 'GenerateRequestsPerMinutePerProjectPerModel-FreeTier', 'quotaDimensions': {'location': 'global', 'model': 'gemini-2.5-flash'}, 'quotaValue': '5'}]}, {'@type': 'type.googleapis.com/google.rpc.RetryInfo', 'retryDelay': '1s'}]}}
WARNING:src.services.Ai_Enrich_Service:Gemini key failed or expired, falling back to Ollama...
WARNING:src.services.Ai_Enrich_Service:Gemini error: 429 RESOURCE_EXHAUSTED. {'error': {'code': 429, 'message': 'You exceeded your current quota, please check your plan and billing details. For more information on this error, head to: https://ai.google.dev/gemini-api/docs/rate-limits. To monitor your current usage, head to: https://ai.dev/rate-limit. \n* Quota exceeded for metric: generativelanguage.googleapis.com/generate_content_free_tier_requests, limit: 5, model: gemini-2.5-flash\nPlease retry in 59.254348379s.', 'status': 'RESOURCE_EXHAUSTED', 'details': [{'@type': 'type.googleapis.com/google.rpc.Help', 'links': [{'description': 'Learn more about Gemini API quotas', 'url': 'https://ai.google.dev/gemini-api/docs/rate-limits'}]}, {'@type': 'type.googleapis.com/google.rpc.QuotaFailure', 'violations': [{'quotaMetric': 'generativelanguage.googleapis.com/generate_content_free_tier_requests', 'quotaId': 'GenerateRequestsPerMinutePerProjectPerModel-FreeTier', 'quotaDimensions': {'location': 'global', 'model': 'gemini-2.5-flash'}, 'quotaValue': '5'}]}, {'@type': 'type.googleapis.com/google.rpc.RetryInfo', 'retryDelay': '59s'}]}}
WARNING:src.services.Ai_Enrich_Service:Gemini key failed or expired, falling back to Ollama...
